<?xml version="1.0" encoding="UTF-8"?>
<section-data-set>
  <blue-channel nil="true"/>
  <delegate>true</delegate>
  <expression>true</expression>
  <failed>false</failed>
  <failed-facet>734881840</failed-facet>
  <green-channel nil="true"/>
  <id>100053204</id>
  <name nil="true"/>
  <qc-date>2009-08-10T11:22:02Z</qc-date>
  <red-channel nil="true"/>
  <reference-space-id>3</reference-space-id>
  <rnaseq-design-id nil="true"/>
  <section-thickness>20.0</section-thickness>
  <specimen-id>5656</specimen-id>
  <sphinx-id>25818</sphinx-id>
  <storage-directory>/external/devmouse/prod173/image_series_100053204/</storage-directory>
  <weight>5200</weight>
  <products>
    <product>
      <abbreviation>DevMouse</abbreviation>
      <description>High-resolution ISH data detailing expression patterns of ~2,000 genes across mouse brain development.</description>
      <id type="integer">3</id>
      <name>Developing Mouse Brain</name>
      <product-name-facet type="integer">2290087187</product-name-facet>
      <resource>Allen Developing Mouse Brain Atlas</resource>
      <species>Mouse</species>
      <species-name-facet type="integer">1861523945</species-name-facet>
      <tags nil="true"/>
    </product>
  </products>
  <specimen>
    <cell-prep-sample-id type="integer" nil="true"/>
    <cell-reporter-id type="integer" nil="true"/>
    <data nil="true"/>
    <donor-id type="integer">2549</donor-id>
    <ephys-result-id type="integer" nil="true"/>
    <external-specimen-name nil="true"/>
    <failed-facet type="integer">734881840</failed-facet>
    <hemisphere>(none)</hemisphere>
    <id type="integer">5656</id>
    <is-cell-specimen type="boolean">false</is-cell-specimen>
    <is-ish type="boolean">false</is-ish>
    <name>350-4121</name>
    <parent-id type="integer" nil="true"/>
    <parent-x-coord type="integer" nil="true"/>
    <parent-y-coord type="integer" nil="true"/>
    <parent-z-coord type="integer" nil="true"/>
    <rna-integrity-number type="float" nil="true"/>
    <specimen-id-path>/5656/</specimen-id-path>
    <sphinx-id type="integer">17841</sphinx-id>
    <structure-id type="integer" nil="true"/>
    <tissue-ph type="float" nil="true"/>
    <treatment-id type="integer" nil="true"/>
    <weight type="integer">9000</weight>
    <donor>
      <age-id type="integer">2</age-id>
      <chemotherapy nil="true"/>
      <condition-description>TS24</condition-description>
      <data nil="true"/>
      <date-of-birth type="datetime" nil="true"/>
      <donor-condition-description-facet type="integer">3340072900</donor-condition-description-facet>
      <donor-race-only-facet type="integer" nil="true"/>
      <donor-sex-facet type="integer">4122955671</donor-sex-facet>
      <donor-strain-facet type="integer">4276187917</donor-strain-facet>
      <donor-strain-only-facet type="integer">4276187917</donor-strain-only-facet>
      <egfr-amplification nil="true"/>
      <extent-of-resection nil="true"/>
      <external-donor-name nil="true"/>
      <handedness>unknown</handedness>
      <id type="integer">2549</id>
      <initial-kps nil="true"/>
      <mgmt-ihc type="integer" nil="true"/>
      <mgmt-methylation nil="true"/>
      <molecular-subtype nil="true"/>
      <multifocal nil="true"/>
      <name>350-4121</name>
      <organism-id type="integer">2</organism-id>
      <pmi type="float" nil="true"/>
      <primary-tissue-source nil="true"/>
      <pten-deletion nil="true"/>
      <race-only nil="true"/>
      <radiation-therapy nil="true"/>
      <recurrence-by-six-months nil="true"/>
      <sex>M</sex>
      <sex-full-name>Male</sex-full-name>
      <sleep-state nil="true"/>
      <smoker nil="true"/>
      <strain>C57BL/6J</strain>
      <strain-only>C57BL/6J</strain-only>
      <survival-days type="integer" nil="true"/>
      <tags>350-4121 unknown</tags>
      <theiler-stage>TS24</theiler-stage>
      <time-to-progression-or-recurrence nil="true"/>
      <transgenic-mouse-id type="integer" nil="true"/>
      <tumor-status nil="true"/>
      <weight-grams type="float" nil="true"/>
    </donor>
  </specimen>
  <alignment3d>
    <id type="integer">129833869</id>
    <trv>0.953168,0.0509906,-0.0924923,-0.0502949,0.945927,0.0402566,0.141038,-0.0391631,0.917664,1246.3,2231.57,-2172.87</trv>
    <tvr>1.03073,-0.0511677,0.106133,0.061434,1.0522,-0.0399664,-0.155794,0.0527687,1.07171,-939.797,-2511.45,2405.09</tvr>
  </alignment3d>
  <section-images>
    <section-image>
      <annotated type="boolean">false</annotated>
      <axes nil="true"/>
      <bits-per-component type="integer">8</bits-per-component>
      <data-set-id type="integer">100053204</data-set-id>
      <expression-path>/external/devmouse/prod36/0535059779/0535059779_expression.aff</expression-path>
      <failed type="boolean">false</failed>
      <height type="integer">13744</height>
      <id type="integer">101049052</id>
      <image-height type="integer">15456</image-height>
      <image-type>Primary</image-type>
      <image-width type="integer">46928</image-width>
      <isi-experiment-id type="integer" nil="true"/>
      <lims1-id type="integer">101049052</lims1-id>
      <number-of-components type="integer">3</number-of-components>
      <ophys-experiment-id type="integer" nil="true"/>
      <path>/external/devmouse/prod36/0535059779/0535059779.aff</path>
      <projection-function nil="true"/>
      <resolution type="float">0.99</resolution>
      <section-number type="integer">4</section-number>
      <specimen-id type="integer" nil="true"/>
      <structure-id type="integer" nil="true"/>
      <tier-count type="integer">9</tier-count>
      <width type="integer">10064</width>
      <x type="integer">0</x>
      <y type="integer">1312</y>
      <alignment2d>
        <id type="integer">129833877</id>
        <tvs>1.0039,-0.111787,0.111787,1.0039,-247.199,-2507.03</tvs>
        <tsv>0.983919,0.109562,-0.109562,0.983919,517.899,2439.63</tsv>
      </alignment2d>
    </section-image>
    <section-image>
      <annotated type="boolean">false</annotated>
      <axes nil="true"/>
      <bits-per-component type="integer">8</bits-per-component>
      <data-set-id type="integer">100053204</data-set-id>
      <expression-path>/external/devmouse/prod36/0535059779/0535059779_expression.aff</expression-path>
      <failed type="boolean">false</failed>
      <height type="integer">13792</height>
      <id type="integer">101049053</id>
      <image-height type="integer">15456</image-height>
      <image-type>Primary</image-type>
      <image-width type="integer">46928</image-width>
      <isi-experiment-id type="integer" nil="true"/>
      <lims1-id type="integer">101049053</lims1-id>
      <number-of-components type="integer">3</number-of-components>
      <ophys-experiment-id type="integer" nil="true"/>
      <path>/external/devmouse/prod36/0535059779/0535059779.aff</path>
      <projection-function nil="true"/>
      <resolution type="float">0.99</resolution>
      <section-number type="integer">10</section-number>
      <specimen-id type="integer" nil="true"/>
      <structure-id type="integer" nil="true"/>
      <tier-count type="integer">9</tier-count>
      <width type="integer">11264</width>
      <x type="integer">11056</x>
      <y type="integer">880</y>
      <alignment2d>
        <id type="integer">129833879</id>
        <tvs>1.0039,-0.111787,0.111787,1.0039,869.993,-2571.0</tvs>
        <tsv>0.983919,0.109562,-0.109562,0.983919,-574.318,2624.97</tsv>
      </alignment2d>
    </section-image>
    <section-image>
      <annotated type="boolean">false</annotated>
      <axes nil="true"/>
      <bits-per-component type="integer">8</bits-per-component>
      <data-set-id type="integer">100053204</data-set-id>
      <expression-path>/external/devmouse/prod36/0535059779/0535059779_expression.aff</expression-path>
      <failed type="boolean">false</failed>
      <height type="integer">14016</height>
      <id type="integer">101049054</id>
      <image-height type="integer">15456</image-height>
      <image-type>Primary</image-type>
      <image-width type="integer">46928</image-width>
      <isi-experiment-id type="integer" nil="true"/>
      <lims1-id type="integer">101049054</lims1-id>
      <number-of-components type="integer">3</number-of-components>
      <ophys-experiment-id type="integer" nil="true"/>
      <path>/external/devmouse/prod36/0535059779/0535059779.aff</path>
      <projection-function nil="true"/>
      <resolution type="float">0.99</resolution>
      <section-number type="integer">16</section-number>
      <specimen-id type="integer" nil="true"/>
      <structure-id type="integer" nil="true"/>
      <tier-count type="integer">9</tier-count>
      <width type="integer">10624</width>
      <x type="integer">24160</x>
      <y type="integer">512</y>
      <alignment2d>
        <id type="integer">129833881</id>
        <tvs>1.0039,-0.111787,0.111787,1.0039,101.031,-2505.99</tvs>
        <tsv>0.983919,0.109562,-0.109562,0.983919,175.155,2476.76</tsv>
      </alignment2d>
    </section-image>
    <section-image>
      <annotated type="boolean">false</annotated>
      <axes nil="true"/>
      <bits-per-component type="integer">8</bits-per-component>
      <data-set-id type="integer">100053204</data-set-id>
      <expression-path>/external/devmouse/prod36/0535059779/0535059779_expression.aff</expression-path>
      <failed type="boolean">false</failed>
      <height type="integer">14176</height>
      <id type="integer">101049055</id>
      <image-height type="integer">15456</image-height>
      <image-type>Primary</image-type>
      <image-width type="integer">46928</image-width>
      <isi-experiment-id type="integer" nil="true"/>
      <lims1-id type="integer">101049055</lims1-id>
      <number-of-components type="integer">3</number-of-components>
      <ophys-experiment-id type="integer" nil="true"/>
      <path>/external/devmouse/prod36/0535059779/0535059779.aff</path>
      <projection-function nil="true"/>
      <resolution type="float">0.99</resolution>
      <section-number type="integer">22</section-number>
      <specimen-id type="integer" nil="true"/>
      <structure-id type="integer" nil="true"/>
      <tier-count type="integer">9</tier-count>
      <width type="integer">10256</width>
      <x type="integer">36656</x>
      <y type="integer">944</y>
      <alignment2d>
        <id type="integer">129833883</id>
        <tvs>1.0039,-0.111787,0.111787,1.0039,-69.8752,-2501.13</tvs>
        <tsv>0.983919,0.109562,-0.109562,0.983919,342.781,2453.25</tsv>
      </alignment2d>
    </section-image>
    <section-image>
      <annotated type="boolean">false</annotated>
      <axes nil="true"/>
      <bits-per-component type="integer">8</bits-per-component>
      <data-set-id type="integer">100053204</data-set-id>
      <expression-path>/external/devmouse/prod36/0535058915/0535058915_expression.aff</expression-path>
      <failed type="boolean">false</failed>
      <height type="integer">14272</height>
      <id type="integer">101049056</id>
      <image-height type="integer">15136</image-height>
      <image-type>Primary</image-type>
      <image-width type="integer">48880</image-width>
      <isi-experiment-id type="integer" nil="true"/>
      <lims1-id type="integer">101049056</lims1-id>
      <number-of-components type="integer">3</number-of-components>
      <ophys-experiment-id type="integer" nil="true"/>
      <path>/external/devmouse/prod36/0535058915/0535058915.aff</path>
      <projection-function nil="true"/>
      <resolution type="float">0.99</resolution>
      <section-number type="integer">28</section-number>
      <specimen-id type="integer" nil="true"/>
      <structure-id type="integer" nil="true"/>
      <tier-count type="integer">9</tier-count>
      <width type="integer">9776</width>
      <x type="integer">832</x>
      <y type="integer">0</y>
      <alignment2d>
        <id type="integer">129833885</id>
        <tvs>1.0039,-0.111787,0.111787,1.0039,-898.063,-2552.51</tvs>
        <tsv>0.983919,0.109562,-0.109562,0.983919,1163.28,2413.07</tsv>
      </alignment2d>
    </section-image>
    <section-image>
      <annotated type="boolean">false</annotated>
      <axes nil="true"/>
      <bits-per-component type="integer">8</bits-per-component>
      <data-set-id type="integer">100053204</data-set-id>
      <expression-path>/external/devmouse/prod36/0535058915/0535058915_expression.aff</expression-path>
      <failed type="boolean">false</failed>
      <height type="integer">14352</height>
      <id type="integer">101049057</id>
      <image-height type="integer">15136</image-height>
      <image-type>Primary</image-type>
      <image-width type="integer">48880</image-width>
      <isi-experiment-id type="integer" nil="true"/>
      <lims1-id type="integer">101049057</lims1-id>
      <number-of-components type="integer">3</number-of-components>
      <ophys-experiment-id type="integer" nil="true"/>
      <path>/external/devmouse/prod36/0535058915/0535058915.aff</path>
      <projection-function nil="true"/>
      <resolution type="float">0.99</resolution>
      <section-number type="integer">34</section-number>
      <specimen-id type="integer" nil="true"/>
      <structure-id type="integer" nil="true"/>
      <tier-count type="integer">9</tier-count>
      <width type="integer">9920</width>
      <x type="integer">13088</x>
      <y type="integer">0</y>
      <alignment2d>
        <id type="integer">129833887</id>
        <tvs>1.0039,-0.111787,0.111787,1.0039,-827.34,-2561.33</tvs>
        <tsv>0.983919,0.109562,-0.109562,0.983919,1094.66,2429.49</tsv>
      </alignment2d>
    </section-image>
    <section-image>
      <annotated type="boolean">false</annotated>
      <axes nil="true"/>
      <bits-per-component type="integer">8</bits-per-component>
      <data-set-id type="integer">100053204</data-set-id>
      <expression-path>/external/devmouse/prod36/0535058915/0535058915_expression.aff</expression-path>
      <failed type="boolean">false</failed>
      <height type="integer">14576</height>
      <id type="integer">101049058</id>
      <image-height type="integer">15136</image-height>
      <image-type>Primary</image-type>
      <image-width type="integer">48880</image-width>
      <isi-experiment-id type="integer" nil="true"/>
      <lims1-id type="integer">101049058</lims1-id>
      <number-of-components type="integer">3</number-of-components>
      <ophys-experiment-id type="integer" nil="true"/>
      <path>/external/devmouse/prod36/0535058915/0535058915.aff</path>
      <projection-function nil="true"/>
      <resolution type="float">0.99</resolution>
      <section-number type="integer">40</section-number>
      <specimen-id type="integer" nil="true"/>
      <structure-id type="integer" nil="true"/>
      <tier-count type="integer">9</tier-count>
      <width type="integer">10112</width>
      <x type="integer">25632</x>
      <y type="integer">112</y>
      <alignment2d>
        <id type="integer">129833889</id>
        <tvs>1.0039,-0.111787,0.111787,1.0039,-709.541,-2478.75</tvs>
        <tsv>0.983919,0.109562,-0.109562,0.983919,969.709,2361.15</tsv>
      </alignment2d>
    </section-image>
    <section-image>
      <annotated type="boolean">false</annotated>
      <axes nil="true"/>
      <bits-per-component type="integer">8</bits-per-component>
      <data-set-id type="integer">100053204</data-set-id>
      <expression-path>/external/devmouse/prod36/0535058915/0535058915_expression.aff</expression-path>
      <failed type="boolean">false</failed>
      <height type="integer">14512</height>
      <id type="integer">101049059</id>
      <image-height type="integer">15136</image-height>
      <image-type>Primary</image-type>
      <image-width type="integer">48880</image-width>
      <isi-experiment-id type="integer" nil="true"/>
      <lims1-id type="integer">101049059</lims1-id>
      <number-of-components type="integer">3</number-of-components>
      <ophys-experiment-id type="integer" nil="true"/>
      <path>/external/devmouse/prod36/0535058915/0535058915.aff</path>
      <projection-function nil="true"/>
      <resolution type="float">0.99</resolution>
      <section-number type="integer">46</section-number>
      <specimen-id type="integer" nil="true"/>
      <structure-id type="integer" nil="true"/>
      <tier-count type="integer">9</tier-count>
      <width type="integer">9968</width>
      <x type="integer">37968</x>
      <y type="integer">608</y>
      <alignment2d>
        <id type="integer">129833891</id>
        <tvs>1.0039,-0.111787,0.111787,1.0039,-880.254,-2472.66</tvs>
        <tsv>0.983919,0.109562,-0.109562,0.983919,1137.01,2336.45</tsv>
      </alignment2d>
    </section-image>
    <section-image>
      <annotated type="boolean">false</annotated>
      <axes nil="true"/>
      <bits-per-component type="integer">8</bits-per-component>
      <data-set-id type="integer">100053204</data-set-id>
      <expression-path>/external/devmouse/prod36/0535058051/0535058051_expression.aff</expression-path>
      <failed type="boolean">false</failed>
      <height type="integer">14864</height>
      <id type="integer">101049061</id>
      <image-height type="integer">17040</image-height>
      <image-type>Primary</image-type>
      <image-width type="integer">48880</image-width>
      <isi-experiment-id type="integer" nil="true"/>
      <lims1-id type="integer">101049061</lims1-id>
      <number-of-components type="integer">3</number-of-components>
      <ophys-experiment-id type="integer" nil="true"/>
      <path>/external/devmouse/prod36/0535058051/0535058051.aff</path>
      <projection-function nil="true"/>
      <resolution type="float">0.99</resolution>
      <section-number type="integer">58</section-number>
      <specimen-id type="integer" nil="true"/>
      <structure-id type="integer" nil="true"/>
      <tier-count type="integer">9</tier-count>
      <width type="integer">10176</width>
      <x type="integer">13616</x>
      <y type="integer">944</y>
      <alignment2d>
        <id type="integer">129833893</id>
        <tvs>1.0039,-0.111787,0.111787,1.0039,-763.467,-2458.12</tvs>
        <tsv>0.983919,0.109562,-0.109562,0.983919,1020.51,2334.95</tsv>
      </alignment2d>
    </section-image>
    <section-image>
      <annotated type="boolean">false</annotated>
      <axes nil="true"/>
      <bits-per-component type="integer">8</bits-per-component>
      <data-set-id type="integer">100053204</data-set-id>
      <expression-path>/external/devmouse/prod36/0535058051/0535058051_expression.aff</expression-path>
      <failed type="boolean">false</failed>
      <height type="integer">14960</height>
      <id type="integer">101049062</id>
      <image-height type="integer">17040</image-height>
      <image-type>Primary</image-type>
      <image-width type="integer">48880</image-width>
      <isi-experiment-id type="integer" nil="true"/>
      <lims1-id type="integer">101049062</lims1-id>
      <number-of-components type="integer">3</number-of-components>
      <ophys-experiment-id type="integer" nil="true"/>
      <path>/external/devmouse/prod36/0535058051/0535058051.aff</path>
      <projection-function nil="true"/>
      <resolution type="float">0.99</resolution>
      <section-number type="integer">64</section-number>
      <specimen-id type="integer" nil="true"/>
      <structure-id type="integer" nil="true"/>
      <tier-count type="integer">9</tier-count>
      <width type="integer">10224</width>
      <x type="integer">26288</x>
      <y type="integer">1456</y>
      <alignment2d>
        <id type="integer">129833895</id>
        <tvs>1.0039,-0.111787,0.111787,1.0039,-724.682,-2421.57</tvs>
        <tsv>0.983919,0.109562,-0.109562,0.983919,978.341,2303.23</tsv>
      </alignment2d>
    </section-image>
    <section-image>
      <annotated type="boolean">false</annotated>
      <axes nil="true"/>
      <bits-per-component type="integer">8</bits-per-component>
      <data-set-id type="integer">100053204</data-set-id>
      <expression-path>/external/devmouse/prod36/0535058051/0535058051_expression.aff</expression-path>
      <failed type="boolean">false</failed>
      <height type="integer">15088</height>
      <id type="integer">101049063</id>
      <image-height type="integer">17040</image-height>
      <image-type>Primary</image-type>
      <image-width type="integer">48880</image-width>
      <isi-experiment-id type="integer" nil="true"/>
      <lims1-id type="integer">101049063</lims1-id>
      <number-of-components type="integer">3</number-of-components>
      <ophys-experiment-id type="integer" nil="true"/>
      <path>/external/devmouse/prod36/0535058051/0535058051.aff</path>
      <projection-function nil="true"/>
      <resolution type="float">0.99</resolution>
      <section-number type="integer">70</section-number>
      <specimen-id type="integer" nil="true"/>
      <structure-id type="integer" nil="true"/>
      <tier-count type="integer">9</tier-count>
      <width type="integer">10064</width>
      <x type="integer">38576</x>
      <y type="integer">1184</y>
      <alignment2d>
        <id type="integer">129833897</id>
        <tvs>1.0039,-0.111787,0.111787,1.0039,-883.401,-2425.3</tvs>
        <tsv>0.983919,0.109562,-0.109562,0.983919,1134.92,2289.51</tsv>
      </alignment2d>
    </section-image>
    <section-image>
      <annotated type="boolean">false</annotated>
      <axes nil="true"/>
      <bits-per-component type="integer">8</bits-per-component>
      <data-set-id type="integer">100053204</data-set-id>
      <expression-path>/external/devmouse/prod36/0535057187/0535057187_expression.aff</expression-path>
      <failed type="boolean">false</failed>
      <height type="integer">15120</height>
      <id type="integer">101049064</id>
      <image-height type="integer">17552</image-height>
      <image-type>Primary</image-type>
      <image-width type="integer">48880</image-width>
      <isi-experiment-id type="integer" nil="true"/>
      <lims1-id type="integer">101049064</lims1-id>
      <number-of-components type="integer">3</number-of-components>
      <ophys-experiment-id type="integer" nil="true"/>
      <path>/external/devmouse/prod36/0535057187/0535057187.aff</path>
      <projection-function nil="true"/>
      <resolution type="float">0.99</resolution>
      <section-number type="integer">76</section-number>
      <specimen-id type="integer" nil="true"/>
      <structure-id type="integer" nil="true"/>
      <tier-count type="integer">9</tier-count>
      <width type="integer">10144</width>
      <x type="integer">976</x>
      <y type="integer">704</y>
      <alignment2d>
        <id type="integer">129833899</id>
        <tvs>1.0039,-0.111787,0.111787,1.0039,-801.994,-2383.79</tvs>
        <tsv>0.983919,0.109562,-0.109562,0.983919,1050.27,2257.59</tsv>
      </alignment2d>
    </section-image>
    <section-image>
      <annotated type="boolean">false</annotated>
      <axes nil="true"/>
      <bits-per-component type="integer">8</bits-per-component>
      <data-set-id type="integer">100053204</data-set-id>
      <expression-path>/external/devmouse/prod36/0535057187/0535057187_expression.aff</expression-path>
      <failed type="boolean">false</failed>
      <height type="integer">15040</height>
      <id type="integer">101049065</id>
      <image-height type="integer">17552</image-height>
      <image-type>Primary</image-type>
      <image-width type="integer">48880</image-width>
      <isi-experiment-id type="integer" nil="true"/>
      <lims1-id type="integer">101049065</lims1-id>
      <number-of-components type="integer">3</number-of-components>
      <ophys-experiment-id type="integer" nil="true"/>
      <path>/external/devmouse/prod36/0535057187/0535057187.aff</path>
      <projection-function nil="true"/>
      <resolution type="float">0.99</resolution>
      <section-number type="integer">82</section-number>
      <specimen-id type="integer" nil="true"/>
      <structure-id type="integer" nil="true"/>
      <tier-count type="integer">9</tier-count>
      <width type="integer">10112</width>
      <x type="integer">13264</x>
      <y type="integer">560</y>
      <alignment2d>
        <id type="integer">129833901</id>
        <tvs>1.0039,-0.111787,0.111787,1.0039,-747.899,-2416.36</tvs>
        <tsv>0.983919,0.109562,-0.109562,0.983919,1000.61,2295.56</tsv>
      </alignment2d>
    </section-image>
    <section-image>
      <annotated type="boolean">false</annotated>
      <axes nil="true"/>
      <bits-per-component type="integer">8</bits-per-component>
      <data-set-id type="integer">100053204</data-set-id>
      <expression-path>/external/devmouse/prod36/0535057187/0535057187_expression.aff</expression-path>
      <failed type="boolean">false</failed>
      <height type="integer">14976</height>
      <id type="integer">101049066</id>
      <image-height type="integer">17552</image-height>
      <image-type>Primary</image-type>
      <image-width type="integer">48880</image-width>
      <isi-experiment-id type="integer" nil="true"/>
      <lims1-id type="integer">101049066</lims1-id>
      <number-of-components type="integer">3</number-of-components>
      <ophys-experiment-id type="integer" nil="true"/>
      <path>/external/devmouse/prod36/0535057187/0535057187.aff</path>
      <projection-function nil="true"/>
      <resolution type="float">0.99</resolution>
      <section-number type="integer">88</section-number>
      <specimen-id type="integer" nil="true"/>
      <structure-id type="integer" nil="true"/>
      <tier-count type="integer">9</tier-count>
      <width type="integer">12160</width>
      <x type="integer">23488</x>
      <y type="integer">576</y>
      <alignment2d>
        <id type="integer">129833903</id>
        <tvs>1.0039,-0.111787,0.111787,1.0039,964.476,-2462.71</tvs>
        <tsv>0.983919,0.109562,-0.109562,0.983919,-679.146,2528.77</tsv>
      </alignment2d>
    </section-image>
    <section-image>
      <annotated type="boolean">false</annotated>
      <axes nil="true"/>
      <bits-per-component type="integer">8</bits-per-component>
      <data-set-id type="integer">100053204</data-set-id>
      <expression-path>/external/devmouse/prod36/0535057187/0535057187_expression.aff</expression-path>
      <failed type="boolean">false</failed>
      <height type="integer">15168</height>
      <id type="integer">101049067</id>
      <image-height type="integer">17552</image-height>
      <image-type>Primary</image-type>
      <image-width type="integer">48880</image-width>
      <isi-experiment-id type="integer" nil="true"/>
      <lims1-id type="integer">101049067</lims1-id>
      <number-of-components type="integer">3</number-of-components>
      <ophys-experiment-id type="integer" nil="true"/>
      <path>/external/devmouse/prod36/0535057187/0535057187.aff</path>
      <projection-function nil="true"/>
      <resolution type="float">0.99</resolution>
      <section-number type="integer">94</section-number>
      <specimen-id type="integer" nil="true"/>
      <structure-id type="integer" nil="true"/>
      <tier-count type="integer">9</tier-count>
      <width type="integer">12160</width>
      <x type="integer">36288</x>
      <y type="integer">1600</y>
      <alignment2d>
        <id type="integer">129833905</id>
        <tvs>1.0039,-0.111787,0.111787,1.0039,1106.3,-2366.16</tvs>
        <tsv>0.983919,0.109562,-0.109562,0.983919,-829.266,2449.31</tsv>
      </alignment2d>
    </section-image>
    <section-image>
      <annotated type="boolean">false</annotated>
      <axes nil="true"/>
      <bits-per-component type="integer">8</bits-per-component>
      <data-set-id type="integer">100053204</data-set-id>
      <expression-path>/external/devmouse/prod37/0535046408/0535046408_expression.aff</expression-path>
      <failed type="boolean">false</failed>
      <height type="integer">15088</height>
      <id type="integer">101049068</id>
      <image-height type="integer">16912</image-height>
      <image-type>Primary</image-type>
      <image-width type="integer">48880</image-width>
      <isi-experiment-id type="integer" nil="true"/>
      <lims1-id type="integer">101049068</lims1-id>
      <number-of-components type="integer">3</number-of-components>
      <ophys-experiment-id type="integer" nil="true"/>
      <path>/external/devmouse/prod37/0535046408/0535046408.aff</path>
      <projection-function nil="true"/>
      <resolution type="float">0.99</resolution>
      <section-number type="integer">100</section-number>
      <specimen-id type="integer" nil="true"/>
      <structure-id type="integer" nil="true"/>
      <tier-count type="integer">9</tier-count>
      <width type="integer">10176</width>
      <x type="integer">1200</x>
      <y type="integer">1456</y>
      <alignment2d>
        <id type="integer">129833907</id>
        <tvs>1.0039,-0.111787,0.111787,1.0039,-738.065,-2416.82</tvs>
        <tsv>0.983919,0.109562,-0.109562,0.983919,990.989,2297.09</tsv>
      </alignment2d>
    </section-image>
    <section-image>
      <annotated type="boolean">false</annotated>
      <axes nil="true"/>
      <bits-per-component type="integer">8</bits-per-component>
      <data-set-id type="integer">100053204</data-set-id>
      <expression-path>/external/devmouse/prod37/0535046408/0535046408_expression.aff</expression-path>
      <failed type="boolean">false</failed>
      <height type="integer">15056</height>
      <id type="integer">101049069</id>
      <image-height type="integer">16912</image-height>
      <image-type>Primary</image-type>
      <image-width type="integer">48880</image-width>
      <isi-experiment-id type="integer" nil="true"/>
      <lims1-id type="integer">101049069</lims1-id>
      <number-of-components type="integer">3</number-of-components>
      <ophys-experiment-id type="integer" nil="true"/>
      <path>/external/devmouse/prod37/0535046408/0535046408.aff</path>
      <projection-function nil="true"/>
      <resolution type="float">0.99</resolution>
      <section-number type="integer">106</section-number>
      <specimen-id type="integer" nil="true"/>
      <structure-id type="integer" nil="true"/>
      <tier-count type="integer">9</tier-count>
      <width type="integer">12272</width>
      <x type="integer">11696</x>
      <y type="integer">1264</y>
      <alignment2d>
        <id type="integer">129833909</id>
        <tvs>1.0039,-0.111787,0.111787,1.0039,1369.45,-2420.45</tvs>
        <tsv>0.983919,0.109562,-0.109562,0.983919,-1082.24,2531.56</tsv>
      </alignment2d>
    </section-image>
    <section-image>
      <annotated type="boolean">false</annotated>
      <axes nil="true"/>
      <bits-per-component type="integer">8</bits-per-component>
      <data-set-id type="integer">100053204</data-set-id>
      <expression-path>/external/devmouse/prod37/0535046408/0535046408_expression.aff</expression-path>
      <failed type="boolean">false</failed>
      <height type="integer">15040</height>
      <id type="integer">101049070</id>
      <image-height type="integer">16912</image-height>
      <image-type>Primary</image-type>
      <image-width type="integer">48880</image-width>
      <isi-experiment-id type="integer" nil="true"/>
      <lims1-id type="integer">101049070</lims1-id>
      <number-of-components type="integer">3</number-of-components>
      <ophys-experiment-id type="integer" nil="true"/>
      <path>/external/devmouse/prod37/0535046408/0535046408.aff</path>
      <projection-function nil="true"/>
      <resolution type="float">0.99</resolution>
      <section-number type="integer">112</section-number>
      <specimen-id type="integer" nil="true"/>
      <structure-id type="integer" nil="true"/>
      <tier-count type="integer">9</tier-count>
      <width type="integer">11648</width>
      <x type="integer">24512</x>
      <y type="integer">1664</y>
      <alignment2d>
        <id type="integer">129833911</id>
        <tvs>1.0039,-0.111787,0.111787,1.0039,1308.82,-2466.79</tvs>
        <tsv>0.983919,0.109562,-0.109562,0.983919,-1017.5,2570.52</tsv>
      </alignment2d>
    </section-image>
    <section-image>
      <annotated type="boolean">false</annotated>
      <axes nil="true"/>
      <bits-per-component type="integer">8</bits-per-component>
      <data-set-id type="integer">100053204</data-set-id>
      <expression-path>/external/devmouse/prod37/0535046408/0535046408_expression.aff</expression-path>
      <failed type="boolean">false</failed>
      <height type="integer">15168</height>
      <id type="integer">101049071</id>
      <image-height type="integer">16912</image-height>
      <image-type>Primary</image-type>
      <image-width type="integer">48880</image-width>
      <isi-experiment-id type="integer" nil="true"/>
      <lims1-id type="integer">101049071</lims1-id>
      <number-of-components type="integer">3</number-of-components>
      <ophys-experiment-id type="integer" nil="true"/>
      <path>/external/devmouse/prod37/0535046408/0535046408.aff</path>
      <projection-function nil="true"/>
      <resolution type="float">0.99</resolution>
      <section-number type="integer">118</section-number>
      <specimen-id type="integer" nil="true"/>
      <structure-id type="integer" nil="true"/>
      <tier-count type="integer">9</tier-count>
      <width type="integer">11904</width>
      <x type="integer">36160</x>
      <y type="integer">1600</y>
      <alignment2d>
        <id type="integer">129833913</id>
        <tvs>1.0039,-0.111787,0.111787,1.0039,782.467,-2435.6</tvs>
        <tsv>0.983919,0.109562,-0.109562,0.983919,-503.034,2482.16</tsv>
      </alignment2d>
    </section-image>
  </section-images>
  <plane_of_section>sagittal</plane_of_section>
  <age>E15.5</age>
</section-data-set>
