<?xml version="1.0" encoding="UTF-8"?>
<section-data-set>
  <blue-channel nil="true"/>
  <delegate>false</delegate>
  <expression>true</expression>
  <failed>false</failed>
  <failed-facet>734881840</failed-facet>
  <green-channel nil="true"/>
  <id>79556706</id>
  <name nil="true"/>
  <qc-date>2009-05-02T22:33:43Z</qc-date>
  <red-channel nil="true"/>
  <reference-space-id>9</reference-space-id>
  <rnaseq-design-id nil="true"/>
  <section-thickness>25.0</section-thickness>
  <specimen-id>79355487</specimen-id>
  <sphinx-id>154040</sphinx-id>
  <storage-directory>/external/aibssan/production32/prod344/image_series_79556706/</storage-directory>
  <weight>5470</weight>
  <products>
    <product>
      <abbreviation>DevMouse</abbreviation>
      <description>High-resolution ISH data detailing expression patterns of ~2,000 genes across mouse brain development.</description>
      <id type="integer">3</id>
      <name>Developing Mouse Brain</name>
      <product-name-facet type="integer">2290087187</product-name-facet>
      <resource>Allen Developing Mouse Brain Atlas</resource>
      <species>Mouse</species>
      <species-name-facet type="integer">1861523945</species-name-facet>
      <tags nil="true"/>
    </product>
    <product>
      <abbreviation>Mouse</abbreviation>
      <description>Genome-wide, high-resolution ISH data detailing gene expression throughout the adult mouse brain.</description>
      <id type="integer">1</id>
      <name>Mouse Brain</name>
      <product-name-facet type="integer">2757464828</product-name-facet>
      <resource>Allen Mouse Brain Atlas</resource>
      <species>Mouse</species>
      <species-name-facet type="integer">1861523945</species-name-facet>
      <tags nil="true"/>
    </product>
  </products>
  <specimen>
    <cell-prep-sample-id type="integer" nil="true"/>
    <cell-reporter-id type="integer" nil="true"/>
    <data nil="true"/>
    <donor-id type="integer">8005</donor-id>
    <ephys-result-id type="integer" nil="true"/>
    <external-specimen-name nil="true"/>
    <failed-facet type="integer">734881840</failed-facet>
    <hemisphere>(none)</hemisphere>
    <id type="integer">79355487</id>
    <is-cell-specimen type="boolean">false</is-cell-specimen>
    <is-ish type="boolean">false</is-ish>
    <name>335-1124</name>
    <parent-id type="integer" nil="true"/>
    <parent-x-coord type="integer" nil="true"/>
    <parent-y-coord type="integer" nil="true"/>
    <parent-z-coord type="integer" nil="true"/>
    <rna-integrity-number type="float" nil="true"/>
    <specimen-id-path>/79355487/</specimen-id-path>
    <sphinx-id type="integer">26339</sphinx-id>
    <structure-id type="integer" nil="true"/>
    <tissue-ph type="float" nil="true"/>
    <treatment-id type="integer" nil="true"/>
    <weight type="integer">9000</weight>
    <donor>
      <age-id type="integer">15</age-id>
      <chemotherapy nil="true"/>
      <condition-description nil="true"/>
      <data nil="true"/>
      <date-of-birth type="datetime" nil="true"/>
      <donor-condition-description-facet type="integer" nil="true"/>
      <donor-race-only-facet type="integer" nil="true"/>
      <donor-sex-facet type="integer">4122955671</donor-sex-facet>
      <donor-strain-facet type="integer">4276187917</donor-strain-facet>
      <donor-strain-only-facet type="integer">4276187917</donor-strain-only-facet>
      <egfr-amplification nil="true"/>
      <extent-of-resection nil="true"/>
      <external-donor-name nil="true"/>
      <handedness>unknown</handedness>
      <id type="integer">8005</id>
      <initial-kps nil="true"/>
      <mgmt-ihc type="integer" nil="true"/>
      <mgmt-methylation nil="true"/>
      <molecular-subtype nil="true"/>
      <multifocal nil="true"/>
      <name>335-1124</name>
      <organism-id type="integer">2</organism-id>
      <pmi type="float">0.0</pmi>
      <primary-tissue-source>AIBS</primary-tissue-source>
      <pten-deletion nil="true"/>
      <race-only nil="true"/>
      <radiation-therapy nil="true"/>
      <recurrence-by-six-months nil="true"/>
      <sex>M</sex>
      <sex-full-name>Male</sex-full-name>
      <sleep-state nil="true"/>
      <smoker nil="true"/>
      <strain>C57BL/6J</strain>
      <strain-only>C57BL/6J</strain-only>
      <survival-days type="integer" nil="true"/>
      <tags>335-1124 unknown</tags>
      <theiler-stage nil="true"/>
      <time-to-progression-or-recurrence nil="true"/>
      <transgenic-mouse-id type="integer" nil="true"/>
      <tumor-status nil="true"/>
      <weight-grams type="float">22.3</weight-grams>
    </donor>
  </specimen>
  <alignment3d>
    <id type="integer">337624324</id>
    <trv>-0.0108468,0.0191303,0.914819,0.00283119,0.952924,-0.0200219,-1.00254,0.00274043,-0.0114384,1156.17,1408.18,13501.6</trv>
    <tvr>-0.0124018,0.0031171,-0.997328,0.022991,1.04893,0.00271347,1.09248,-0.0218979,-0.0118819,13475.5,-1540.31,-1071.84</tvr>
  </alignment3d>
  <section-images>
    <section-image>
      <annotated type="boolean">false</annotated>
      <axes nil="true"/>
      <bits-per-component type="integer">8</bits-per-component>
      <data-set-id type="integer">79556706</data-set-id>
      <expression-path>/external/aibssan/production32/prod302/0301011648/0301011648_0_expression.aff</expression-path>
      <failed type="boolean">false</failed>
      <height type="integer">4225</height>
      <id type="integer">79571907</id>
      <image-height type="integer">4225</image-height>
      <image-type>Primary</image-type>
      <image-width type="integer">4033</image-width>
      <isi-experiment-id type="integer" nil="true"/>
      <lims1-id type="integer">79571907</lims1-id>
      <number-of-components type="integer">3</number-of-components>
      <ophys-experiment-id type="integer" nil="true"/>
      <path>/external/aibssan/production25/stitch1/0301011648/0301011648_1_zoom.aff</path>
      <projection-function nil="true"/>
      <resolution type="float">1.049</resolution>
      <section-number type="integer">0</section-number>
      <specimen-id type="integer" nil="true"/>
      <structure-id type="integer" nil="true"/>
      <tier-count type="integer">6</tier-count>
      <width type="integer">4033</width>
      <x type="integer">0</x>
      <y type="integer">0</y>
      <alignment2d>
        <id type="integer">337625018</id>
        <tvs>0.953289,0.0,0.0,0.953289,-3875.84,-2726.84</tvs>
        <tsv>1.049,0.0,0.0,1.049,4065.76,2860.46</tsv>
      </alignment2d>
    </section-image>
    <section-image>
      <annotated type="boolean">false</annotated>
      <axes nil="true"/>
      <bits-per-component type="integer">8</bits-per-component>
      <data-set-id type="integer">79556706</data-set-id>
      <expression-path>/external/aibssan/production32/prod302/0301011648/0301011648_8_expression.aff</expression-path>
      <failed type="boolean">false</failed>
      <height type="integer">4881</height>
      <id type="integer">79571909</id>
      <image-height type="integer">4881</image-height>
      <image-type>Primary</image-type>
      <image-width type="integer">4801</image-width>
      <isi-experiment-id type="integer" nil="true"/>
      <lims1-id type="integer">79571909</lims1-id>
      <number-of-components type="integer">3</number-of-components>
      <ophys-experiment-id type="integer" nil="true"/>
      <path>/external/aibssan/production25/stitch1/0301011648/0301011648_2_zoom.aff</path>
      <projection-function nil="true"/>
      <resolution type="float">1.049</resolution>
      <section-number type="integer">8</section-number>
      <specimen-id type="integer" nil="true"/>
      <structure-id type="integer" nil="true"/>
      <tier-count type="integer">6</tier-count>
      <width type="integer">4801</width>
      <x type="integer">0</x>
      <y type="integer">0</y>
      <alignment2d>
        <id type="integer">337625020</id>
        <tvs>0.953289,0.0,0.0,0.953289,-3519.68,-2413.49</tvs>
        <tsv>1.049,0.0,0.0,1.049,3692.15,2531.75</tsv>
      </alignment2d>
    </section-image>
    <section-image>
      <annotated type="boolean">false</annotated>
      <axes nil="true"/>
      <bits-per-component type="integer">8</bits-per-component>
      <data-set-id type="integer">79556706</data-set-id>
      <expression-path>/external/aibssan/production32/prod302/0301011648/0301011648_16_expression.aff</expression-path>
      <failed type="boolean">false</failed>
      <height type="integer">5425</height>
      <id type="integer">79571911</id>
      <image-height type="integer">5425</image-height>
      <image-type>Primary</image-type>
      <image-width type="integer">5537</image-width>
      <isi-experiment-id type="integer" nil="true"/>
      <lims1-id type="integer">79571911</lims1-id>
      <number-of-components type="integer">3</number-of-components>
      <ophys-experiment-id type="integer" nil="true"/>
      <path>/external/aibssan/production25/stitch1/0301011648/0301011648_3_zoom.aff</path>
      <projection-function nil="true"/>
      <resolution type="float">1.049</resolution>
      <section-number type="integer">16</section-number>
      <specimen-id type="integer" nil="true"/>
      <structure-id type="integer" nil="true"/>
      <tier-count type="integer">6</tier-count>
      <width type="integer">5537</width>
      <x type="integer">0</x>
      <y type="integer">0</y>
      <alignment2d>
        <id type="integer">337625022</id>
        <tvs>0.953236,-0.0100366,0.0100366,0.953236,-3291.37,-2440.35</tvs>
        <tsv>1.04894,0.0110443,-0.0110443,1.04894,3479.41,2523.44</tsv>
      </alignment2d>
    </section-image>
    <section-image>
      <annotated type="boolean">false</annotated>
      <axes nil="true"/>
      <bits-per-component type="integer">8</bits-per-component>
      <data-set-id type="integer">79556706</data-set-id>
      <expression-path>/external/aibssan/production32/prod302/0301011648/0301011648_24_expression.aff</expression-path>
      <failed type="boolean">false</failed>
      <height type="integer">5825</height>
      <id type="integer">79571913</id>
      <image-height type="integer">5825</image-height>
      <image-type>Primary</image-type>
      <image-width type="integer">6225</image-width>
      <isi-experiment-id type="integer" nil="true"/>
      <lims1-id type="integer">79571913</lims1-id>
      <number-of-components type="integer">3</number-of-components>
      <ophys-experiment-id type="integer" nil="true"/>
      <path>/external/aibssan/production25/stitch1/0301011648/0301011648_4_zoom.aff</path>
      <projection-function nil="true"/>
      <resolution type="float">1.049</resolution>
      <section-number type="integer">24</section-number>
      <specimen-id type="integer" nil="true"/>
      <structure-id type="integer" nil="true"/>
      <tier-count type="integer">6</tier-count>
      <width type="integer">6225</width>
      <x type="integer">0</x>
      <y type="integer">0</y>
      <alignment2d>
        <id type="integer">337625024</id>
        <tvs>0.952965,-0.0248481,0.0248481,0.952965,-2976.99,-2570.98</tvs>
        <tsv>1.04864,0.0273429,-0.0273429,1.04864,3192.1,2614.64</tsv>
      </alignment2d>
    </section-image>
    <section-image>
      <annotated type="boolean">false</annotated>
      <axes nil="true"/>
      <bits-per-component type="integer">8</bits-per-component>
      <data-set-id type="integer">79556706</data-set-id>
      <expression-path>/external/aibssan/production32/prod302/0301021894/0301021894_32_expression.aff</expression-path>
      <failed type="boolean">false</failed>
      <height type="integer">5953</height>
      <id type="integer">79571917</id>
      <image-height type="integer">5953</image-height>
      <image-type>Primary</image-type>
      <image-width type="integer">6865</image-width>
      <isi-experiment-id type="integer" nil="true"/>
      <lims1-id type="integer">79571917</lims1-id>
      <number-of-components type="integer">3</number-of-components>
      <ophys-experiment-id type="integer" nil="true"/>
      <path>/external/aibssan/production25/stitch1/0301021894/0301021894_1_zoom.aff</path>
      <projection-function nil="true"/>
      <resolution type="float">1.049</resolution>
      <section-number type="integer">32</section-number>
      <specimen-id type="integer" nil="true"/>
      <structure-id type="integer" nil="true"/>
      <tier-count type="integer">6</tier-count>
      <width type="integer">6865</width>
      <x type="integer">0</x>
      <y type="integer">0</y>
      <alignment2d>
        <id type="integer">337625026</id>
        <tvs>0.953156,-0.0159211,0.0159211,0.953156,-2616.69,-2408.7</tvs>
        <tsv>1.04885,0.0175195,-0.0175195,1.04885,2786.73,2480.53</tsv>
      </alignment2d>
    </section-image>
    <section-image>
      <annotated type="boolean">false</annotated>
      <axes nil="true"/>
      <bits-per-component type="integer">8</bits-per-component>
      <data-set-id type="integer">79556706</data-set-id>
      <expression-path>/external/aibssan/production32/prod302/0301021894/0301021894_40_expression.aff</expression-path>
      <failed type="boolean">false</failed>
      <height type="integer">6401</height>
      <id type="integer">79571919</id>
      <image-height type="integer">6401</image-height>
      <image-type>Primary</image-type>
      <image-width type="integer">7329</image-width>
      <isi-experiment-id type="integer" nil="true"/>
      <lims1-id type="integer">79571919</lims1-id>
      <number-of-components type="integer">3</number-of-components>
      <ophys-experiment-id type="integer" nil="true"/>
      <path>/external/aibssan/production25/stitch1/0301021894/0301021894_2_zoom.aff</path>
      <projection-function nil="true"/>
      <resolution type="float">1.049</resolution>
      <section-number type="integer">40</section-number>
      <specimen-id type="integer" nil="true"/>
      <structure-id type="integer" nil="true"/>
      <tier-count type="integer">6</tier-count>
      <width type="integer">7329</width>
      <x type="integer">0</x>
      <y type="integer">0</y>
      <alignment2d>
        <id type="integer">337625028</id>
        <tvs>0.953135,-0.0171314,0.0171314,0.953135,-2365.1,-2166.86</tvs>
        <tsv>1.04883,0.0188514,-0.0188514,1.04883,2521.44,2228.08</tsv>
      </alignment2d>
    </section-image>
    <section-image>
      <annotated type="boolean">false</annotated>
      <axes nil="true"/>
      <bits-per-component type="integer">8</bits-per-component>
      <data-set-id type="integer">79556706</data-set-id>
      <expression-path>/external/aibssan/production32/prod302/0301021894/0301021894_48_expression.aff</expression-path>
      <failed type="boolean">false</failed>
      <height type="integer">6593</height>
      <id type="integer">79571921</id>
      <image-height type="integer">6593</image-height>
      <image-type>Primary</image-type>
      <image-width type="integer">7793</image-width>
      <isi-experiment-id type="integer" nil="true"/>
      <lims1-id type="integer">79571921</lims1-id>
      <number-of-components type="integer">3</number-of-components>
      <ophys-experiment-id type="integer" nil="true"/>
      <path>/external/aibssan/production25/stitch1/0301021894/0301021894_3_zoom.aff</path>
      <projection-function nil="true"/>
      <resolution type="float">1.049</resolution>
      <section-number type="integer">48</section-number>
      <specimen-id type="integer" nil="true"/>
      <structure-id type="integer" nil="true"/>
      <tier-count type="integer">6</tier-count>
      <width type="integer">7793</width>
      <x type="integer">0</x>
      <y type="integer">0</y>
      <alignment2d>
        <id type="integer">337625030</id>
        <tvs>0.953113,-0.0183296,0.0183296,0.953113,-2168.43,-2070.28</tvs>
        <tsv>1.04881,0.0201699,-0.0201699,1.04881,2316.02,2127.58</tsv>
      </alignment2d>
    </section-image>
    <section-image>
      <annotated type="boolean">false</annotated>
      <axes nil="true"/>
      <bits-per-component type="integer">8</bits-per-component>
      <data-set-id type="integer">79556706</data-set-id>
      <expression-path>/external/aibssan/production32/prod302/0301021894/0301021894_56_expression.aff</expression-path>
      <failed type="boolean">false</failed>
      <height type="integer">6657</height>
      <id type="integer">79571923</id>
      <image-height type="integer">6657</image-height>
      <image-type>Primary</image-type>
      <image-width type="integer">8001</image-width>
      <isi-experiment-id type="integer" nil="true"/>
      <lims1-id type="integer">79571923</lims1-id>
      <number-of-components type="integer">3</number-of-components>
      <ophys-experiment-id type="integer" nil="true"/>
      <path>/external/aibssan/production25/stitch1/0301021894/0301021894_4_zoom.aff</path>
      <projection-function nil="true"/>
      <resolution type="float">1.049</resolution>
      <section-number type="integer">56</section-number>
      <specimen-id type="integer" nil="true"/>
      <structure-id type="integer" nil="true"/>
      <tier-count type="integer">6</tier-count>
      <width type="integer">8001</width>
      <x type="integer">0</x>
      <y type="integer">0</y>
      <alignment2d>
        <id type="integer">337625032</id>
        <tvs>0.953056,-0.0210897,0.0210897,0.953056,-2002.86,-1991.38</tvs>
        <tsv>1.04874,0.0232071,-0.0232071,1.04874,2146.7,2041.97</tsv>
      </alignment2d>
    </section-image>
    <section-image>
      <annotated type="boolean">false</annotated>
      <axes nil="true"/>
      <bits-per-component type="integer">8</bits-per-component>
      <data-set-id type="integer">79556706</data-set-id>
      <expression-path>/external/aibssan/production32/prod302/0301031575/0301031575_64_expression.aff</expression-path>
      <failed type="boolean">false</failed>
      <height type="integer">7233</height>
      <id type="integer">79571927</id>
      <image-height type="integer">7233</image-height>
      <image-type>Primary</image-type>
      <image-width type="integer">8193</image-width>
      <isi-experiment-id type="integer" nil="true"/>
      <lims1-id type="integer">79571927</lims1-id>
      <number-of-components type="integer">3</number-of-components>
      <ophys-experiment-id type="integer" nil="true"/>
      <path>/external/aibssan/production32/prod302/0301031575/0301031575_1_zoom.aff</path>
      <projection-function nil="true"/>
      <resolution type="float">1.049</resolution>
      <section-number type="integer">64</section-number>
      <specimen-id type="integer" nil="true"/>
      <structure-id type="integer" nil="true"/>
      <tier-count type="integer">6</tier-count>
      <width type="integer">8193</width>
      <x type="integer">0</x>
      <y type="integer">0</y>
      <alignment2d>
        <id type="integer">337625034</id>
        <tvs>0.953225,-0.0110508,0.0110508,0.953225,-1900.88,-1620.27</tvs>
        <tsv>1.04893,0.0121603,-0.0121603,1.04893,2013.59,1676.44</tsv>
      </alignment2d>
    </section-image>
    <section-image>
      <annotated type="boolean">false</annotated>
      <axes nil="true"/>
      <bits-per-component type="integer">8</bits-per-component>
      <data-set-id type="integer">79556706</data-set-id>
      <expression-path>/external/aibssan/production32/prod302/0301031575/0301031575_72_expression.aff</expression-path>
      <failed type="boolean">false</failed>
      <height type="integer">6817</height>
      <id type="integer">79571929</id>
      <image-height type="integer">6817</image-height>
      <image-type>Primary</image-type>
      <image-width type="integer">8193</image-width>
      <isi-experiment-id type="integer" nil="true"/>
      <lims1-id type="integer">79571929</lims1-id>
      <number-of-components type="integer">3</number-of-components>
      <ophys-experiment-id type="integer" nil="true"/>
      <path>/external/aibssan/production32/prod302/0301031575/0301031575_2_zoom.aff</path>
      <projection-function nil="true"/>
      <resolution type="float">1.049</resolution>
      <section-number type="integer">72</section-number>
      <specimen-id type="integer" nil="true"/>
      <structure-id type="integer" nil="true"/>
      <tier-count type="integer">6</tier-count>
      <width type="integer">8193</width>
      <x type="integer">0</x>
      <y type="integer">0</y>
      <alignment2d>
        <id type="integer">337625036</id>
        <tvs>0.95323,-0.010621,0.010621,0.95323,-1932.75,-1783.38</tvs>
        <tsv>1.04893,0.0116874,-0.0116874,1.04893,2048.17,1848.06</tsv>
      </alignment2d>
    </section-image>
    <section-image>
      <annotated type="boolean">false</annotated>
      <axes nil="true"/>
      <bits-per-component type="integer">8</bits-per-component>
      <data-set-id type="integer">79556706</data-set-id>
      <expression-path>/external/aibssan/production32/prod302/0301031575/0301031575_80_expression.aff</expression-path>
      <failed type="boolean">false</failed>
      <height type="integer">6801</height>
      <id type="integer">79571931</id>
      <image-height type="integer">6801</image-height>
      <image-type>Primary</image-type>
      <image-width type="integer">8625</image-width>
      <isi-experiment-id type="integer" nil="true"/>
      <lims1-id type="integer">79571931</lims1-id>
      <number-of-components type="integer">3</number-of-components>
      <ophys-experiment-id type="integer" nil="true"/>
      <path>/external/aibssan/production32/prod302/0301031575/0301031575_3_zoom.aff</path>
      <projection-function nil="true"/>
      <resolution type="float">1.049</resolution>
      <section-number type="integer">80</section-number>
      <specimen-id type="integer" nil="true"/>
      <structure-id type="integer" nil="true"/>
      <tier-count type="integer">7</tier-count>
      <width type="integer">8625</width>
      <x type="integer">0</x>
      <y type="integer">0</y>
      <alignment2d>
        <id type="integer">337625038</id>
        <tvs>0.953238,0.00981355,-0.00981355,0.953238,-1937.93,-1664.93</tvs>
        <tsv>1.04894,-0.0107988,0.0107988,1.04894,2014.81,1767.35</tsv>
      </alignment2d>
    </section-image>
    <section-image>
      <annotated type="boolean">false</annotated>
      <axes nil="true"/>
      <bits-per-component type="integer">8</bits-per-component>
      <data-set-id type="integer">79556706</data-set-id>
      <expression-path>/external/aibssan/production32/prod302/0301031575/0301031575_88_expression.aff</expression-path>
      <failed type="boolean">false</failed>
      <height type="integer">6913</height>
      <id type="integer">79571933</id>
      <image-height type="integer">6913</image-height>
      <image-type>Primary</image-type>
      <image-width type="integer">8929</image-width>
      <isi-experiment-id type="integer" nil="true"/>
      <lims1-id type="integer">79571933</lims1-id>
      <number-of-components type="integer">3</number-of-components>
      <ophys-experiment-id type="integer" nil="true"/>
      <path>/external/aibssan/production32/prod302/0301031575/0301031575_4_zoom.aff</path>
      <projection-function nil="true"/>
      <resolution type="float">1.049</resolution>
      <section-number type="integer">88</section-number>
      <specimen-id type="integer" nil="true"/>
      <structure-id type="integer" nil="true"/>
      <tier-count type="integer">7</tier-count>
      <width type="integer">8929</width>
      <x type="integer">0</x>
      <y type="integer">0</y>
      <alignment2d>
        <id type="integer">337625040</id>
        <tvs>0.953117,-0.018087,0.018087,0.953117,-1582.38,-1829.87</tvs>
        <tsv>1.04881,0.019903,-0.019903,1.04881,1696.04,1887.7</tsv>
      </alignment2d>
    </section-image>
    <section-image>
      <annotated type="boolean">false</annotated>
      <axes nil="true"/>
      <bits-per-component type="integer">8</bits-per-component>
      <data-set-id type="integer">79556706</data-set-id>
      <expression-path>/external/aibssan/production32/prod302/0301041923/0301041923_96_expression.aff</expression-path>
      <failed type="boolean">false</failed>
      <height type="integer">6929</height>
      <id type="integer">79571937</id>
      <image-height type="integer">6929</image-height>
      <image-type>Primary</image-type>
      <image-width type="integer">9265</image-width>
      <isi-experiment-id type="integer" nil="true"/>
      <lims1-id type="integer">79571937</lims1-id>
      <number-of-components type="integer">3</number-of-components>
      <ophys-experiment-id type="integer" nil="true"/>
      <path>/external/aibssan/production25/stitch1/0301041923/0301041923_1_zoom.aff</path>
      <projection-function nil="true"/>
      <resolution type="float">1.049</resolution>
      <section-number type="integer">96</section-number>
      <specimen-id type="integer" nil="true"/>
      <structure-id type="integer" nil="true"/>
      <tier-count type="integer">7</tier-count>
      <width type="integer">9265</width>
      <x type="integer">0</x>
      <y type="integer">0</y>
      <alignment2d>
        <id type="integer">337625042</id>
        <tvs>0.953256,-0.00789774,0.00789774,0.953256,-1455.39,-1725.76</tvs>
        <tsv>1.04896,0.00869068,-0.00869068,1.04896,1541.65,1797.61</tsv>
      </alignment2d>
    </section-image>
    <section-image>
      <annotated type="boolean">false</annotated>
      <axes nil="true"/>
      <bits-per-component type="integer">8</bits-per-component>
      <data-set-id type="integer">79556706</data-set-id>
      <expression-path>/external/aibssan/production32/prod302/0301041923/0301041923_104_expression.aff</expression-path>
      <failed type="boolean">false</failed>
      <height type="integer">7745</height>
      <id type="integer">79571939</id>
      <image-height type="integer">7745</image-height>
      <image-type>Primary</image-type>
      <image-width type="integer">9393</image-width>
      <isi-experiment-id type="integer" nil="true"/>
      <lims1-id type="integer">79571939</lims1-id>
      <number-of-components type="integer">3</number-of-components>
      <ophys-experiment-id type="integer" nil="true"/>
      <path>/external/aibssan/production25/stitch1/0301041923/0301041923_2_zoom.aff</path>
      <projection-function nil="true"/>
      <resolution type="float">1.049</resolution>
      <section-number type="integer">104</section-number>
      <specimen-id type="integer" nil="true"/>
      <structure-id type="integer" nil="true"/>
      <tier-count type="integer">7</tier-count>
      <width type="integer">9393</width>
      <x type="integer">0</x>
      <y type="integer">0</y>
      <alignment2d>
        <id type="integer">337625044</id>
        <tvs>0.953199,-0.0130552,0.0130552,0.953199,-1363.04,-922.718</tvs>
        <tsv>1.0489,0.014366,-0.014366,1.0489,1442.95,948.259</tsv>
      </alignment2d>
    </section-image>
    <section-image>
      <annotated type="boolean">false</annotated>
      <axes nil="true"/>
      <bits-per-component type="integer">8</bits-per-component>
      <data-set-id type="integer">79556706</data-set-id>
      <expression-path>/external/aibssan/production32/prod302/0301041923/0301041923_112_expression.aff</expression-path>
      <failed type="boolean">false</failed>
      <height type="integer">6785</height>
      <id type="integer">79571941</id>
      <image-height type="integer">6785</image-height>
      <image-type>Primary</image-type>
      <image-width type="integer">9537</image-width>
      <isi-experiment-id type="integer" nil="true"/>
      <lims1-id type="integer">79571941</lims1-id>
      <number-of-components type="integer">3</number-of-components>
      <ophys-experiment-id type="integer" nil="true"/>
      <path>/external/aibssan/production25/stitch1/0301041923/0301041923_3_zoom.aff</path>
      <projection-function nil="true"/>
      <resolution type="float">1.049</resolution>
      <section-number type="integer">112</section-number>
      <specimen-id type="integer" nil="true"/>
      <structure-id type="integer" nil="true"/>
      <tier-count type="integer">7</tier-count>
      <width type="integer">9537</width>
      <x type="integer">0</x>
      <y type="integer">0</y>
      <alignment2d>
        <id type="integer">337625046</id>
        <tvs>0.95327,-0.00601727,0.00601727,0.95327,-1314.09,-1763.57</tvs>
        <tsv>1.04898,0.00662142,-0.00662142,1.04898,1390.13,1841.25</tsv>
      </alignment2d>
    </section-image>
    <section-image>
      <annotated type="boolean">false</annotated>
      <axes nil="true"/>
      <bits-per-component type="integer">8</bits-per-component>
      <data-set-id type="integer">79556706</data-set-id>
      <expression-path>/external/aibssan/production32/prod302/0301041923/0301041923_120_expression.aff</expression-path>
      <failed type="boolean">false</failed>
      <height type="integer">6609</height>
      <id type="integer">79571943</id>
      <image-height type="integer">6609</image-height>
      <image-type>Primary</image-type>
      <image-width type="integer">9457</image-width>
      <isi-experiment-id type="integer" nil="true"/>
      <lims1-id type="integer">79571943</lims1-id>
      <number-of-components type="integer">3</number-of-components>
      <ophys-experiment-id type="integer" nil="true"/>
      <path>/external/aibssan/production25/stitch1/0301041923/0301041923_4_zoom.aff</path>
      <projection-function nil="true"/>
      <resolution type="float">1.049</resolution>
      <section-number type="integer">120</section-number>
      <specimen-id type="integer" nil="true"/>
      <structure-id type="integer" nil="true"/>
      <tier-count type="integer">7</tier-count>
      <width type="integer">9457</width>
      <x type="integer">0</x>
      <y type="integer">0</y>
      <alignment2d>
        <id type="integer">337625048</id>
        <tvs>0.953281,0.00384826,-0.00384826,0.953281,-1365.12,-1686.57</tvs>
        <tsv>1.04899,-0.00423463,0.00423463,1.04899,1424.86,1774.97</tsv>
      </alignment2d>
    </section-image>
    <section-image>
      <annotated type="boolean">false</annotated>
      <axes nil="true"/>
      <bits-per-component type="integer">8</bits-per-component>
      <data-set-id type="integer">79556706</data-set-id>
      <expression-path>/external/aibssan/production32/prod303/0301051854/0301051854_128_expression.aff</expression-path>
      <failed type="boolean">false</failed>
      <height type="integer">7009</height>
      <id type="integer">79571947</id>
      <image-height type="integer">7009</image-height>
      <image-type>Primary</image-type>
      <image-width type="integer">9153</image-width>
      <isi-experiment-id type="integer" nil="true"/>
      <lims1-id type="integer">79571947</lims1-id>
      <number-of-components type="integer">3</number-of-components>
      <ophys-experiment-id type="integer" nil="true"/>
      <path>/external/aibssan/production25/stitch1/0301051854/0301051854_1_zoom.aff</path>
      <projection-function nil="true"/>
      <resolution type="float">1.049</resolution>
      <section-number type="integer">128</section-number>
      <specimen-id type="integer" nil="true"/>
      <structure-id type="integer" nil="true"/>
      <tier-count type="integer">7</tier-count>
      <width type="integer">9153</width>
      <x type="integer">0</x>
      <y type="integer">0</y>
      <alignment2d>
        <id type="integer">337625053</id>
        <tvs>0.953273,0.00553005,-0.00553005,0.953273,-1403.44,-1392.28</tvs>
        <tsv>1.04898,-0.00608528,0.00608528,1.04898,1463.71,1469.02</tsv>
      </alignment2d>
    </section-image>
    <section-image>
      <annotated type="boolean">false</annotated>
      <axes nil="true"/>
      <bits-per-component type="integer">8</bits-per-component>
      <data-set-id type="integer">79556706</data-set-id>
      <expression-path>/external/aibssan/production32/prod303/0301051854/0301051854_136_expression.aff</expression-path>
      <failed type="boolean">false</failed>
      <height type="integer">7073</height>
      <id type="integer">79571949</id>
      <image-height type="integer">7073</image-height>
      <image-type>Primary</image-type>
      <image-width type="integer">10673</image-width>
      <isi-experiment-id type="integer" nil="true"/>
      <lims1-id type="integer">79571949</lims1-id>
      <number-of-components type="integer">3</number-of-components>
      <ophys-experiment-id type="integer" nil="true"/>
      <path>/external/aibssan/production25/stitch1/0301051854/0301051854_2_zoom.aff</path>
      <projection-function nil="true"/>
      <resolution type="float">1.049</resolution>
      <section-number type="integer">136</section-number>
      <specimen-id type="integer" nil="true"/>
      <structure-id type="integer" nil="true"/>
      <tier-count type="integer">7</tier-count>
      <width type="integer">10673</width>
      <x type="integer">0</x>
      <y type="integer">0</y>
      <alignment2d>
        <id type="integer">337625060</id>
        <tvs>0.953136,-0.0170534,0.0170534,0.953136,-1351.35,-1520.67</tvs>
        <tsv>1.04883,0.0187656,-0.0187656,1.04883,1445.87,1569.56</tsv>
      </alignment2d>
    </section-image>
    <section-image>
      <annotated type="boolean">false</annotated>
      <axes nil="true"/>
      <bits-per-component type="integer">8</bits-per-component>
      <data-set-id type="integer">79556706</data-set-id>
      <expression-path>/external/aibssan/production32/prod303/0301051854/0301051854_152_expression.aff</expression-path>
      <failed type="boolean">false</failed>
      <height type="integer">7489</height>
      <id type="integer">79571953</id>
      <image-height type="integer">7489</image-height>
      <image-type>Primary</image-type>
      <image-width type="integer">9761</image-width>
      <isi-experiment-id type="integer" nil="true"/>
      <lims1-id type="integer">79571953</lims1-id>
      <number-of-components type="integer">3</number-of-components>
      <ophys-experiment-id type="integer" nil="true"/>
      <path>/external/aibssan/production25/stitch1/0301051854/0301051854_4_zoom.aff</path>
      <projection-function nil="true"/>
      <resolution type="float">1.049</resolution>
      <section-number type="integer">152</section-number>
      <specimen-id type="integer" nil="true"/>
      <structure-id type="integer" nil="true"/>
      <tier-count type="integer">7</tier-count>
      <width type="integer">9761</width>
      <x type="integer">0</x>
      <y type="integer">0</y>
      <alignment2d>
        <id type="integer">337625075</id>
        <tvs>0.952461,-0.0397306,0.0397306,0.952461,-999.266,-1523.72</tvs>
        <tsv>1.04809,0.0437196,-0.0437196,1.04809,1113.94,1553.3</tsv>
      </alignment2d>
    </section-image>
    <section-image>
      <annotated type="boolean">false</annotated>
      <axes nil="true"/>
      <bits-per-component type="integer">8</bits-per-component>
      <data-set-id type="integer">79556706</data-set-id>
      <expression-path>/external/aibssan/production32/prod303/0301062132/0301062132_160_expression.aff</expression-path>
      <failed type="boolean">false</failed>
      <height type="integer">7233</height>
      <id type="integer">79571957</id>
      <image-height type="integer">7233</image-height>
      <image-type>Primary</image-type>
      <image-width type="integer">9953</image-width>
      <isi-experiment-id type="integer" nil="true"/>
      <lims1-id type="integer">79571957</lims1-id>
      <number-of-components type="integer">3</number-of-components>
      <ophys-experiment-id type="integer" nil="true"/>
      <path>/external/aibssan/production25/stitch1/0301062132/0301062132_1_zoom.aff</path>
      <projection-function nil="true"/>
      <resolution type="float">1.049</resolution>
      <section-number type="integer">160</section-number>
      <specimen-id type="integer" nil="true"/>
      <structure-id type="integer" nil="true"/>
      <tier-count type="integer">7</tier-count>
      <width type="integer">9953</width>
      <x type="integer">0</x>
      <y type="integer">0</y>
      <alignment2d>
        <id type="integer">337625083</id>
        <tvs>0.951891,-0.0516033,0.0516033,0.951891,-821.337,-1526.04</tvs>
        <tsv>1.04746,0.0567843,-0.0567843,1.04746,946.974,1551.83</tsv>
      </alignment2d>
    </section-image>
    <section-image>
      <annotated type="boolean">false</annotated>
      <axes nil="true"/>
      <bits-per-component type="integer">8</bits-per-component>
      <data-set-id type="integer">79556706</data-set-id>
      <expression-path>/external/aibssan/production32/prod303/0301062132/0301062132_168_expression.aff</expression-path>
      <failed type="boolean">false</failed>
      <height type="integer">7265</height>
      <id type="integer">79571959</id>
      <image-height type="integer">7265</image-height>
      <image-type>Primary</image-type>
      <image-width type="integer">10145</image-width>
      <isi-experiment-id type="integer" nil="true"/>
      <lims1-id type="integer">79571959</lims1-id>
      <number-of-components type="integer">3</number-of-components>
      <ophys-experiment-id type="integer" nil="true"/>
      <path>/external/aibssan/production25/stitch1/0301062132/0301062132_2_zoom.aff</path>
      <projection-function nil="true"/>
      <resolution type="float">1.049</resolution>
      <section-number type="integer">168</section-number>
      <specimen-id type="integer" nil="true"/>
      <structure-id type="integer" nil="true"/>
      <tier-count type="integer">7</tier-count>
      <width type="integer">10145</width>
      <x type="integer">0</x>
      <y type="integer">0</y>
      <alignment2d>
        <id type="integer">337625091</id>
        <tvs>0.953077,-0.0200968,0.0200968,0.953077,-874.354,-1255.35</tvs>
        <tsv>1.04877,0.0221146,-0.0221146,1.04877,944.756,1297.23</tsv>
      </alignment2d>
    </section-image>
    <section-image>
      <annotated type="boolean">false</annotated>
      <axes nil="true"/>
      <bits-per-component type="integer">8</bits-per-component>
      <data-set-id type="integer">79556706</data-set-id>
      <expression-path>/external/aibssan/production32/prod303/0301062132/0301062132_176_expression.aff</expression-path>
      <failed type="boolean">false</failed>
      <height type="integer">6961</height>
      <id type="integer">79571961</id>
      <image-height type="integer">6961</image-height>
      <image-type>Primary</image-type>
      <image-width type="integer">10257</image-width>
      <isi-experiment-id type="integer" nil="true"/>
      <lims1-id type="integer">79571961</lims1-id>
      <number-of-components type="integer">3</number-of-components>
      <ophys-experiment-id type="integer" nil="true"/>
      <path>/external/aibssan/production25/stitch1/0301062132/0301062132_3_zoom.aff</path>
      <projection-function nil="true"/>
      <resolution type="float">1.049</resolution>
      <section-number type="integer">176</section-number>
      <specimen-id type="integer" nil="true"/>
      <structure-id type="integer" nil="true"/>
      <tier-count type="integer">7</tier-count>
      <width type="integer">10257</width>
      <x type="integer">0</x>
      <y type="integer">0</y>
      <alignment2d>
        <id type="integer">337625098</id>
        <tvs>0.952904,-0.027087,0.027087,0.952904,-796.23,-1267.83</tvs>
        <tsv>1.04858,0.0298065,-0.0298065,1.04858,872.698,1305.69</tsv>
      </alignment2d>
    </section-image>
    <section-image>
      <annotated type="boolean">false</annotated>
      <axes nil="true"/>
      <bits-per-component type="integer">8</bits-per-component>
      <data-set-id type="integer">79556706</data-set-id>
      <expression-path>/external/aibssan/production32/prod303/0301062132/0301062132_184_expression.aff</expression-path>
      <failed type="boolean">false</failed>
      <height type="integer">6449</height>
      <id type="integer">79571963</id>
      <image-height type="integer">6449</image-height>
      <image-type>Primary</image-type>
      <image-width type="integer">10337</image-width>
      <isi-experiment-id type="integer" nil="true"/>
      <lims1-id type="integer">79571963</lims1-id>
      <number-of-components type="integer">3</number-of-components>
      <ophys-experiment-id type="integer" nil="true"/>
      <path>/external/aibssan/production25/stitch1/0301062132/0301062132_4_zoom.aff</path>
      <projection-function nil="true"/>
      <resolution type="float">1.049</resolution>
      <section-number type="integer">184</section-number>
      <specimen-id type="integer" nil="true"/>
      <structure-id type="integer" nil="true"/>
      <tier-count type="integer">7</tier-count>
      <width type="integer">10337</width>
      <x type="integer">0</x>
      <y type="integer">0</y>
      <alignment2d>
        <id type="integer">337625104</id>
        <tvs>0.952906,-0.0270087,0.0270087,0.952906,-719.892,-1351.94</tvs>
        <tsv>1.04858,0.0297204,-0.0297204,1.04858,795.043,1396.22</tsv>
      </alignment2d>
    </section-image>
    <section-image>
      <annotated type="boolean">false</annotated>
      <axes nil="true"/>
      <bits-per-component type="integer">8</bits-per-component>
      <data-set-id type="integer">79556706</data-set-id>
      <expression-path>/external/aibssan/production32/prod303/0301072084/0301072084_192_expression.aff</expression-path>
      <failed type="boolean">false</failed>
      <height type="integer">7233</height>
      <id type="integer">79571967</id>
      <image-height type="integer">7233</image-height>
      <image-type>Primary</image-type>
      <image-width type="integer">10401</image-width>
      <isi-experiment-id type="integer" nil="true"/>
      <lims1-id type="integer">79571967</lims1-id>
      <number-of-components type="integer">3</number-of-components>
      <ophys-experiment-id type="integer" nil="true"/>
      <path>/external/aibssan/production25/stitch1/0301072084/0301072084_1_zoom.aff</path>
      <projection-function nil="true"/>
      <resolution type="float">1.049</resolution>
      <section-number type="integer">192</section-number>
      <specimen-id type="integer" nil="true"/>
      <structure-id type="integer" nil="true"/>
      <tier-count type="integer">7</tier-count>
      <width type="integer">10401</width>
      <x type="integer">0</x>
      <y type="integer">0</y>
      <alignment2d>
        <id type="integer">337625109</id>
        <tvs>0.952906,-0.026998,0.026998,0.952906,-718.96,-1208.57</tvs>
        <tsv>1.04858,0.0297086,-0.0297086,1.04858,789.792,1245.92</tsv>
      </alignment2d>
    </section-image>
    <section-image>
      <annotated type="boolean">false</annotated>
      <axes nil="true"/>
      <bits-per-component type="integer">8</bits-per-component>
      <data-set-id type="integer">79556706</data-set-id>
      <expression-path>/external/aibssan/production32/prod303/0301072084/0301072084_200_expression.aff</expression-path>
      <failed type="boolean">false</failed>
      <height type="integer">7153</height>
      <id type="integer">79571969</id>
      <image-height type="integer">7153</image-height>
      <image-type>Primary</image-type>
      <image-width type="integer">13041</image-width>
      <isi-experiment-id type="integer" nil="true"/>
      <lims1-id type="integer">79571969</lims1-id>
      <number-of-components type="integer">3</number-of-components>
      <ophys-experiment-id type="integer" nil="true"/>
      <path>/external/aibssan/production25/stitch1/0301072084/0301072084_2_zoom.aff</path>
      <projection-function nil="true"/>
      <resolution type="float">1.049</resolution>
      <section-number type="integer">200</section-number>
      <specimen-id type="integer" nil="true"/>
      <structure-id type="integer" nil="true"/>
      <tier-count type="integer">7</tier-count>
      <width type="integer">13041</width>
      <x type="integer">0</x>
      <y type="integer">0</y>
      <alignment2d>
        <id type="integer">337625115</id>
        <tvs>0.952959,-0.0250563,0.0250563,0.952959,-669.842,-1136.8</tvs>
        <tsv>1.04864,0.027572,-0.027572,1.04864,733.765,1173.62</tsv>
      </alignment2d>
    </section-image>
    <section-image>
      <annotated type="boolean">false</annotated>
      <axes nil="true"/>
      <bits-per-component type="integer">8</bits-per-component>
      <data-set-id type="integer">79556706</data-set-id>
      <expression-path>/external/aibssan/production32/prod303/0301072084/0301072084_208_expression.aff</expression-path>
      <failed type="boolean">false</failed>
      <height type="integer">7377</height>
      <id type="integer">79571971</id>
      <image-height type="integer">7377</image-height>
      <image-type>Primary</image-type>
      <image-width type="integer">10561</image-width>
      <isi-experiment-id type="integer" nil="true"/>
      <lims1-id type="integer">79571971</lims1-id>
      <number-of-components type="integer">3</number-of-components>
      <ophys-experiment-id type="integer" nil="true"/>
      <path>/external/aibssan/production25/stitch1/0301072084/0301072084_3_zoom.aff</path>
      <projection-function nil="true"/>
      <resolution type="float">1.049</resolution>
      <section-number type="integer">208</section-number>
      <specimen-id type="integer" nil="true"/>
      <structure-id type="integer" nil="true"/>
      <tier-count type="integer">7</tier-count>
      <width type="integer">10561</width>
      <x type="integer">0</x>
      <y type="integer">0</y>
      <alignment2d>
        <id type="integer">337625121</id>
        <tvs>0.952247,-0.0445621,0.0445621,0.952247,-570.9,-1238.41</tvs>
        <tsv>1.04785,0.0490362,-0.0490362,1.04785,658.946,1269.68</tsv>
      </alignment2d>
    </section-image>
    <section-image>
      <annotated type="boolean">false</annotated>
      <axes nil="true"/>
      <bits-per-component type="integer">8</bits-per-component>
      <data-set-id type="integer">79556706</data-set-id>
      <expression-path>/external/aibssan/production32/prod303/0301072084/0301072084_216_expression.aff</expression-path>
      <failed type="boolean">false</failed>
      <height type="integer">7297</height>
      <id type="integer">79571973</id>
      <image-height type="integer">7297</image-height>
      <image-type>Primary</image-type>
      <image-width type="integer">10481</image-width>
      <isi-experiment-id type="integer" nil="true"/>
      <lims1-id type="integer">79571973</lims1-id>
      <number-of-components type="integer">3</number-of-components>
      <ophys-experiment-id type="integer" nil="true"/>
      <path>/external/aibssan/production25/stitch1/0301072084/0301072084_4_zoom.aff</path>
      <projection-function nil="true"/>
      <resolution type="float">1.049</resolution>
      <section-number type="integer">216</section-number>
      <specimen-id type="integer" nil="true"/>
      <structure-id type="integer" nil="true"/>
      <tier-count type="integer">7</tier-count>
      <width type="integer">10481</width>
      <x type="integer">0</x>
      <y type="integer">0</y>
      <alignment2d>
        <id type="integer">337625127</id>
        <tvs>0.952005,-0.0494658,0.0494658,0.952005,-559.551,-1426.86</tvs>
        <tsv>1.04759,0.0544322,-0.0544322,1.04759,663.846,1464.31</tsv>
      </alignment2d>
    </section-image>
    <section-image>
      <annotated type="boolean">false</annotated>
      <axes nil="true"/>
      <bits-per-component type="integer">8</bits-per-component>
      <data-set-id type="integer">79556706</data-set-id>
      <expression-path>/external/aibssan/production32/prod303/0301081718/0301081718_224_expression.aff</expression-path>
      <failed type="boolean">false</failed>
      <height type="integer">7473</height>
      <id type="integer">79571977</id>
      <image-height type="integer">7473</image-height>
      <image-type>Primary</image-type>
      <image-width type="integer">10417</image-width>
      <isi-experiment-id type="integer" nil="true"/>
      <lims1-id type="integer">79571977</lims1-id>
      <number-of-components type="integer">3</number-of-components>
      <ophys-experiment-id type="integer" nil="true"/>
      <path>/external/aibssan/production25/stitch1/0301081718/0301081718_1_zoom.aff</path>
      <projection-function nil="true"/>
      <resolution type="float">1.049</resolution>
      <section-number type="integer">224</section-number>
      <specimen-id type="integer" nil="true"/>
      <structure-id type="integer" nil="true"/>
      <tier-count type="integer">7</tier-count>
      <width type="integer">10417</width>
      <x type="integer">0</x>
      <y type="integer">0</y>
      <alignment2d>
        <id type="integer">337625133</id>
        <tvs>0.952687,-0.033882,0.033882,0.952687,-640.583,-1193.45</tvs>
        <tsv>1.04834,0.0372838,-0.0372838,1.04834,716.043,1227.25</tsv>
      </alignment2d>
    </section-image>
    <section-image>
      <annotated type="boolean">false</annotated>
      <axes nil="true"/>
      <bits-per-component type="integer">8</bits-per-component>
      <data-set-id type="integer">79556706</data-set-id>
      <expression-path>/external/aibssan/production32/prod303/0301081718/0301081718_232_expression.aff</expression-path>
      <failed type="boolean">false</failed>
      <height type="integer">7409</height>
      <id type="integer">79571979</id>
      <image-height type="integer">7409</image-height>
      <image-type>Primary</image-type>
      <image-width type="integer">10465</image-width>
      <isi-experiment-id type="integer" nil="true"/>
      <lims1-id type="integer">79571979</lims1-id>
      <number-of-components type="integer">3</number-of-components>
      <ophys-experiment-id type="integer" nil="true"/>
      <path>/external/aibssan/production25/stitch1/0301081718/0301081718_2_zoom.aff</path>
      <projection-function nil="true"/>
      <resolution type="float">1.049</resolution>
      <section-number type="integer">232</section-number>
      <specimen-id type="integer" nil="true"/>
      <structure-id type="integer" nil="true"/>
      <tier-count type="integer">7</tier-count>
      <width type="integer">10465</width>
      <x type="integer">0</x>
      <y type="integer">0</y>
      <alignment2d>
        <id type="integer">337625139</id>
        <tvs>0.952941,-0.0257357,0.0257357,0.952941,-686.615,-1207.65</tvs>
        <tsv>1.04862,0.0283196,-0.0283196,1.04862,754.197,1246.92</tsv>
      </alignment2d>
    </section-image>
    <section-image>
      <annotated type="boolean">false</annotated>
      <axes nil="true"/>
      <bits-per-component type="integer">8</bits-per-component>
      <data-set-id type="integer">79556706</data-set-id>
      <expression-path>/external/aibssan/production32/prod303/0301081718/0301081718_240_expression.aff</expression-path>
      <failed type="boolean">false</failed>
      <height type="integer">7745</height>
      <id type="integer">79571981</id>
      <image-height type="integer">7745</image-height>
      <image-type>Primary</image-type>
      <image-width type="integer">10385</image-width>
      <isi-experiment-id type="integer" nil="true"/>
      <lims1-id type="integer">79571981</lims1-id>
      <number-of-components type="integer">3</number-of-components>
      <ophys-experiment-id type="integer" nil="true"/>
      <path>/external/aibssan/production25/stitch1/0301081718/0301081718_3_zoom.aff</path>
      <projection-function nil="true"/>
      <resolution type="float">1.049</resolution>
      <section-number type="integer">240</section-number>
      <specimen-id type="integer" nil="true"/>
      <structure-id type="integer" nil="true"/>
      <tier-count type="integer">7</tier-count>
      <width type="integer">10385</width>
      <x type="integer">0</x>
      <y type="integer">0</y>
      <alignment2d>
        <id type="integer">337625145</id>
        <tvs>0.953019,-0.0226917,0.0226917,0.953019,-736.449,-1129.42</tvs>
        <tsv>1.0487,0.02497,-0.02497,1.0487,800.518,1166.03</tsv>
      </alignment2d>
    </section-image>
    <section-image>
      <annotated type="boolean">false</annotated>
      <axes nil="true"/>
      <bits-per-component type="integer">8</bits-per-component>
      <data-set-id type="integer">79556706</data-set-id>
      <expression-path>/external/aibssan/production32/prod303/0301081718/0301081718_248_expression.aff</expression-path>
      <failed type="boolean">false</failed>
      <height type="integer">7729</height>
      <id type="integer">79571983</id>
      <image-height type="integer">7729</image-height>
      <image-type>Primary</image-type>
      <image-width type="integer">10593</image-width>
      <isi-experiment-id type="integer" nil="true"/>
      <lims1-id type="integer">79571983</lims1-id>
      <number-of-components type="integer">3</number-of-components>
      <ophys-experiment-id type="integer" nil="true"/>
      <path>/external/aibssan/production25/stitch1/0301081718/0301081718_4_zoom.aff</path>
      <projection-function nil="true"/>
      <resolution type="float">1.049</resolution>
      <section-number type="integer">248</section-number>
      <specimen-id type="integer" nil="true"/>
      <structure-id type="integer" nil="true"/>
      <tier-count type="integer">7</tier-count>
      <width type="integer">10593</width>
      <x type="integer">0</x>
      <y type="integer">0</y>
      <alignment2d>
        <id type="integer">337625151</id>
        <tvs>0.952449,-0.0400091,0.0400091,0.952449,-456.081,-1202.86</tvs>
        <tsv>1.04808,0.044026,-0.044026,1.04808,530.965,1240.61</tsv>
      </alignment2d>
    </section-image>
    <section-image>
      <annotated type="boolean">false</annotated>
      <axes nil="true"/>
      <bits-per-component type="integer">8</bits-per-component>
      <data-set-id type="integer">79556706</data-set-id>
      <expression-path>/external/aibssan/production32/prod303/0301091817/0301091817_256_expression.aff</expression-path>
      <failed type="boolean">false</failed>
      <height type="integer">7441</height>
      <id type="integer">79571987</id>
      <image-height type="integer">7441</image-height>
      <image-type>Primary</image-type>
      <image-width type="integer">10433</image-width>
      <isi-experiment-id type="integer" nil="true"/>
      <lims1-id type="integer">79571987</lims1-id>
      <number-of-components type="integer">3</number-of-components>
      <ophys-experiment-id type="integer" nil="true"/>
      <path>/external/aibssan/production25/stitch1/0301091817/0301091817_1_zoom.aff</path>
      <projection-function nil="true"/>
      <resolution type="float">1.049</resolution>
      <section-number type="integer">256</section-number>
      <specimen-id type="integer" nil="true"/>
      <structure-id type="integer" nil="true"/>
      <tier-count type="integer">7</tier-count>
      <width type="integer">10433</width>
      <x type="integer">0</x>
      <y type="integer">0</y>
      <alignment2d>
        <id type="integer">337625158</id>
        <tvs>0.952606,-0.0360841,0.0360841,0.952606,-715.271,-1177.26</tvs>
        <tsv>1.04825,0.0397069,-0.0397069,1.04825,796.527,1205.65</tsv>
      </alignment2d>
    </section-image>
    <section-image>
      <annotated type="boolean">false</annotated>
      <axes nil="true"/>
      <bits-per-component type="integer">8</bits-per-component>
      <data-set-id type="integer">79556706</data-set-id>
      <expression-path>/external/aibssan/production32/prod303/0301091817/0301091817_264_expression.aff</expression-path>
      <failed type="boolean">false</failed>
      <height type="integer">7521</height>
      <id type="integer">79571989</id>
      <image-height type="integer">7521</image-height>
      <image-type>Primary</image-type>
      <image-width type="integer">10513</image-width>
      <isi-experiment-id type="integer" nil="true"/>
      <lims1-id type="integer">79571989</lims1-id>
      <number-of-components type="integer">3</number-of-components>
      <ophys-experiment-id type="integer" nil="true"/>
      <path>/external/aibssan/production25/stitch1/0301091817/0301091817_2_zoom.aff</path>
      <projection-function nil="true"/>
      <resolution type="float">1.049</resolution>
      <section-number type="integer">264</section-number>
      <specimen-id type="integer" nil="true"/>
      <structure-id type="integer" nil="true"/>
      <tier-count type="integer">7</tier-count>
      <width type="integer">10513</width>
      <x type="integer">0</x>
      <y type="integer">0</y>
      <alignment2d>
        <id type="integer">337625166</id>
        <tvs>0.952913,-0.0267726,0.0267726,0.952913,-708.631,-1227.76</tvs>
        <tsv>1.04859,0.0294606,-0.0294606,1.04859,779.232,1266.54</tsv>
      </alignment2d>
    </section-image>
    <section-image>
      <annotated type="boolean">false</annotated>
      <axes nil="true"/>
      <bits-per-component type="integer">8</bits-per-component>
      <data-set-id type="integer">79556706</data-set-id>
      <expression-path>/external/aibssan/production32/prod303/0301091817/0301091817_272_expression.aff</expression-path>
      <failed type="boolean">false</failed>
      <height type="integer">7649</height>
      <id type="integer">79571991</id>
      <image-height type="integer">7649</image-height>
      <image-type>Primary</image-type>
      <image-width type="integer">10385</image-width>
      <isi-experiment-id type="integer" nil="true"/>
      <lims1-id type="integer">79571991</lims1-id>
      <number-of-components type="integer">3</number-of-components>
      <ophys-experiment-id type="integer" nil="true"/>
      <path>/external/aibssan/production25/stitch1/0301091817/0301091817_3_zoom.aff</path>
      <projection-function nil="true"/>
      <resolution type="float">1.049</resolution>
      <section-number type="integer">272</section-number>
      <specimen-id type="integer" nil="true"/>
      <structure-id type="integer" nil="true"/>
      <tier-count type="integer">7</tier-count>
      <width type="integer">10385</width>
      <x type="integer">0</x>
      <y type="integer">0</y>
      <alignment2d>
        <id type="integer">337625174</id>
        <tvs>0.952265,-0.0441659,0.0441659,0.952265,-649.479,-1347.66</tvs>
        <tsv>1.04787,0.0486002,-0.0486002,1.04787,746.069,1380.61</tsv>
      </alignment2d>
    </section-image>
    <section-image>
      <annotated type="boolean">false</annotated>
      <axes nil="true"/>
      <bits-per-component type="integer">8</bits-per-component>
      <data-set-id type="integer">79556706</data-set-id>
      <expression-path>/external/aibssan/production32/prod303/0301091817/0301091817_280_expression.aff</expression-path>
      <failed type="boolean">false</failed>
      <height type="integer">7345</height>
      <id type="integer">79571993</id>
      <image-height type="integer">7345</image-height>
      <image-type>Primary</image-type>
      <image-width type="integer">10353</image-width>
      <isi-experiment-id type="integer" nil="true"/>
      <lims1-id type="integer">79571993</lims1-id>
      <number-of-components type="integer">3</number-of-components>
      <ophys-experiment-id type="integer" nil="true"/>
      <path>/external/aibssan/production25/stitch1/0301091817/0301091817_4_zoom.aff</path>
      <projection-function nil="true"/>
      <resolution type="float">1.049</resolution>
      <section-number type="integer">280</section-number>
      <specimen-id type="integer" nil="true"/>
      <structure-id type="integer" nil="true"/>
      <tier-count type="integer">7</tier-count>
      <width type="integer">10353</width>
      <x type="integer">0</x>
      <y type="integer">0</y>
      <alignment2d>
        <id type="integer">337625176</id>
        <tvs>0.952779,-0.031174,0.031174,0.952779,-764.902,-1402.8</tvs>
        <tsv>1.04844,0.0343039,-0.0343039,1.04844,850.075,1444.51</tsv>
      </alignment2d>
    </section-image>
    <section-image>
      <annotated type="boolean">false</annotated>
      <axes nil="true"/>
      <bits-per-component type="integer">8</bits-per-component>
      <data-set-id type="integer">79556706</data-set-id>
      <expression-path>/external/aibssan/production32/prod303/0301101826/0301101826_288_expression.aff</expression-path>
      <failed type="boolean">false</failed>
      <height type="integer">7281</height>
      <id type="integer">79571997</id>
      <image-height type="integer">7281</image-height>
      <image-type>Primary</image-type>
      <image-width type="integer">10209</image-width>
      <isi-experiment-id type="integer" nil="true"/>
      <lims1-id type="integer">79571997</lims1-id>
      <number-of-components type="integer">3</number-of-components>
      <ophys-experiment-id type="integer" nil="true"/>
      <path>/external/aibssan/production25/stitch1/0301101826/0301101826_1_zoom.aff</path>
      <projection-function nil="true"/>
      <resolution type="float">1.049</resolution>
      <section-number type="integer">288</section-number>
      <specimen-id type="integer" nil="true"/>
      <structure-id type="integer" nil="true"/>
      <tier-count type="integer">7</tier-count>
      <width type="integer">10209</width>
      <x type="integer">0</x>
      <y type="integer">0</y>
      <alignment2d>
        <id type="integer">337625178</id>
        <tvs>0.952579,-0.0367882,0.0367882,0.952579,-752.52,-1536.71</tvs>
        <tsv>1.04822,0.0404818,-0.0404818,1.04822,851.015,1580.35</tsv>
      </alignment2d>
    </section-image>
    <section-image>
      <annotated type="boolean">false</annotated>
      <axes nil="true"/>
      <bits-per-component type="integer">8</bits-per-component>
      <data-set-id type="integer">79556706</data-set-id>
      <expression-path>/external/aibssan/production32/prod303/0301101826/0301101826_296_expression.aff</expression-path>
      <failed type="boolean">false</failed>
      <height type="integer">7409</height>
      <id type="integer">79571999</id>
      <image-height type="integer">7409</image-height>
      <image-type>Primary</image-type>
      <image-width type="integer">10145</image-width>
      <isi-experiment-id type="integer" nil="true"/>
      <lims1-id type="integer">79571999</lims1-id>
      <number-of-components type="integer">3</number-of-components>
      <ophys-experiment-id type="integer" nil="true"/>
      <path>/external/aibssan/production25/stitch1/0301101826/0301101826_2_zoom.aff</path>
      <projection-function nil="true"/>
      <resolution type="float">1.049</resolution>
      <section-number type="integer">296</section-number>
      <specimen-id type="integer" nil="true"/>
      <structure-id type="integer" nil="true"/>
      <tier-count type="integer">7</tier-count>
      <width type="integer">10145</width>
      <x type="integer">0</x>
      <y type="integer">0</y>
      <alignment2d>
        <id type="integer">337625180</id>
        <tvs>0.953089,-0.0195394,0.0195394,0.953089,-916.633,-1353.38</tvs>
        <tsv>1.04878,0.0215012,-0.0215012,1.04878,990.446,1399.69</tsv>
      </alignment2d>
    </section-image>
    <section-image>
      <annotated type="boolean">false</annotated>
      <axes nil="true"/>
      <bits-per-component type="integer">8</bits-per-component>
      <data-set-id type="integer">79556706</data-set-id>
      <expression-path>/external/aibssan/production32/prod303/0301101826/0301101826_304_expression.aff</expression-path>
      <failed type="boolean">false</failed>
      <height type="integer">7617</height>
      <id type="integer">79572001</id>
      <image-height type="integer">7617</image-height>
      <image-type>Primary</image-type>
      <image-width type="integer">10081</image-width>
      <isi-experiment-id type="integer" nil="true"/>
      <lims1-id type="integer">79572001</lims1-id>
      <number-of-components type="integer">3</number-of-components>
      <ophys-experiment-id type="integer" nil="true"/>
      <path>/external/aibssan/production25/stitch1/0301101826/0301101826_3_zoom.aff</path>
      <projection-function nil="true"/>
      <resolution type="float">1.049</resolution>
      <section-number type="integer">304</section-number>
      <specimen-id type="integer" nil="true"/>
      <structure-id type="integer" nil="true"/>
      <tier-count type="integer">7</tier-count>
      <width type="integer">10081</width>
      <x type="integer">0</x>
      <y type="integer">0</y>
      <alignment2d>
        <id type="integer">337625182</id>
        <tvs>0.953178,-0.0145277,0.0145277,0.953178,-950.913,-1118.07</tvs>
        <tsv>1.04888,0.0159863,-0.0159863,1.04888,1015.27,1157.52</tsv>
      </alignment2d>
    </section-image>
    <section-image>
      <annotated type="boolean">false</annotated>
      <axes nil="true"/>
      <bits-per-component type="integer">8</bits-per-component>
      <data-set-id type="integer">79556706</data-set-id>
      <expression-path>/external/aibssan/production32/prod303/0301101826/0301101826_312_expression.aff</expression-path>
      <failed type="boolean">false</failed>
      <height type="integer">7329</height>
      <id type="integer">79572003</id>
      <image-height type="integer">7329</image-height>
      <image-type>Primary</image-type>
      <image-width type="integer">9809</image-width>
      <isi-experiment-id type="integer" nil="true"/>
      <lims1-id type="integer">79572003</lims1-id>
      <number-of-components type="integer">3</number-of-components>
      <ophys-experiment-id type="integer" nil="true"/>
      <path>/external/aibssan/production25/stitch1/0301101826/0301101826_4_zoom.aff</path>
      <projection-function nil="true"/>
      <resolution type="float">1.049</resolution>
      <section-number type="integer">312</section-number>
      <specimen-id type="integer" nil="true"/>
      <structure-id type="integer" nil="true"/>
      <tier-count type="integer">7</tier-count>
      <width type="integer">9809</width>
      <x type="integer">0</x>
      <y type="integer">0</y>
      <alignment2d>
        <id type="integer">337625184</id>
        <tvs>0.953037,-0.0219195,0.0219195,0.953037,-1048.04,-1307.15</tvs>
        <tsv>1.04872,0.0241202,-0.0241202,1.04872,1130.63,1345.56</tsv>
      </alignment2d>
    </section-image>
    <section-image>
      <annotated type="boolean">false</annotated>
      <axes nil="true"/>
      <bits-per-component type="integer">8</bits-per-component>
      <data-set-id type="integer">79556706</data-set-id>
      <expression-path>/external/aibssan/production32/prod303/0301111976/0301111976_320_expression.aff</expression-path>
      <failed type="boolean">false</failed>
      <height type="integer">7105</height>
      <id type="integer">79572007</id>
      <image-height type="integer">7105</image-height>
      <image-type>Primary</image-type>
      <image-width type="integer">9873</image-width>
      <isi-experiment-id type="integer" nil="true"/>
      <lims1-id type="integer">79572007</lims1-id>
      <number-of-components type="integer">3</number-of-components>
      <ophys-experiment-id type="integer" nil="true"/>
      <path>/external/aibssan/production25/stitch1/0301111976/0301111976_1_zoom.aff</path>
      <projection-function nil="true"/>
      <resolution type="float">1.049</resolution>
      <section-number type="integer">320</section-number>
      <specimen-id type="integer" nil="true"/>
      <structure-id type="integer" nil="true"/>
      <tier-count type="integer">7</tier-count>
      <width type="integer">9873</width>
      <x type="integer">0</x>
      <y type="integer">0</y>
      <alignment2d>
        <id type="integer">337625186</id>
        <tvs>0.953271,-0.00588954,0.00588954,0.953271,-1069.65,-1317.39</tvs>
        <tsv>1.04898,0.00648085,-0.00648085,1.04898,1130.58,1374.98</tsv>
      </alignment2d>
    </section-image>
    <section-image>
      <annotated type="boolean">false</annotated>
      <axes nil="true"/>
      <bits-per-component type="integer">8</bits-per-component>
      <data-set-id type="integer">79556706</data-set-id>
      <expression-path>/external/aibssan/production32/prod303/0301111976/0301111976_328_expression.aff</expression-path>
      <failed type="boolean">false</failed>
      <height type="integer">7217</height>
      <id type="integer">79572009</id>
      <image-height type="integer">7217</image-height>
      <image-type>Primary</image-type>
      <image-width type="integer">9665</image-width>
      <isi-experiment-id type="integer" nil="true"/>
      <lims1-id type="integer">79572009</lims1-id>
      <number-of-components type="integer">3</number-of-components>
      <ophys-experiment-id type="integer" nil="true"/>
      <path>/external/aibssan/production25/stitch1/0301111976/0301111976_2_zoom.aff</path>
      <projection-function nil="true"/>
      <resolution type="float">1.049</resolution>
      <section-number type="integer">328</section-number>
      <specimen-id type="integer" nil="true"/>
      <structure-id type="integer" nil="true"/>
      <tier-count type="integer">7</tier-count>
      <width type="integer">9665</width>
      <x type="integer">0</x>
      <y type="integer">0</y>
      <alignment2d>
        <id type="integer">337625211</id>
        <tvs>0.953006,-0.0232378,0.0232378,0.953006,-1073.03,-1492.98</tvs>
        <tsv>1.04869,0.0255709,-0.0255709,1.04869,1163.45,1538.23</tsv>
      </alignment2d>
    </section-image>
    <section-image>
      <annotated type="boolean">false</annotated>
      <axes nil="true"/>
      <bits-per-component type="integer">8</bits-per-component>
      <data-set-id type="integer">79556706</data-set-id>
      <expression-path>/external/aibssan/production32/prod303/0301111976/0301111976_336_expression.aff</expression-path>
      <failed type="boolean">false</failed>
      <height type="integer">7393</height>
      <id type="integer">79572011</id>
      <image-height type="integer">7393</image-height>
      <image-type>Primary</image-type>
      <image-width type="integer">9489</image-width>
      <isi-experiment-id type="integer" nil="true"/>
      <lims1-id type="integer">79572011</lims1-id>
      <number-of-components type="integer">3</number-of-components>
      <ophys-experiment-id type="integer" nil="true"/>
      <path>/external/aibssan/production25/stitch1/0301111976/0301111976_3_zoom.aff</path>
      <projection-function nil="true"/>
      <resolution type="float">1.049</resolution>
      <section-number type="integer">336</section-number>
      <specimen-id type="integer" nil="true"/>
      <structure-id type="integer" nil="true"/>
      <tier-count type="integer">7</tier-count>
      <width type="integer">9489</width>
      <x type="integer">0</x>
      <y type="integer">0</y>
      <alignment2d>
        <id type="integer">337625216</id>
        <tvs>0.953118,-0.0180403,0.0180403,0.953118,-1199.95,-1354.76</tvs>
        <tsv>1.04881,0.0198516,-0.0198516,1.04881,1285.41,1397.06</tsv>
      </alignment2d>
    </section-image>
    <section-image>
      <annotated type="boolean">false</annotated>
      <axes nil="true"/>
      <bits-per-component type="integer">8</bits-per-component>
      <data-set-id type="integer">79556706</data-set-id>
      <expression-path>/external/aibssan/production32/prod303/0301111976/0301111976_344_expression.aff</expression-path>
      <failed type="boolean">false</failed>
      <height type="integer">7329</height>
      <id type="integer">79572013</id>
      <image-height type="integer">7329</image-height>
      <image-type>Primary</image-type>
      <image-width type="integer">9329</image-width>
      <isi-experiment-id type="integer" nil="true"/>
      <lims1-id type="integer">79572013</lims1-id>
      <number-of-components type="integer">3</number-of-components>
      <ophys-experiment-id type="integer" nil="true"/>
      <path>/external/aibssan/production25/stitch1/0301111976/0301111976_4_zoom.aff</path>
      <projection-function nil="true"/>
      <resolution type="float">1.049</resolution>
      <section-number type="integer">344</section-number>
      <specimen-id type="integer" nil="true"/>
      <structure-id type="integer" nil="true"/>
      <tier-count type="integer">7</tier-count>
      <width type="integer">9329</width>
      <x type="integer">0</x>
      <y type="integer">0</y>
      <alignment2d>
        <id type="integer">337625221</id>
        <tvs>0.952885,-0.02776,0.02776,0.952885,-1216.33,-1531.66</tvs>
        <tsv>1.04856,0.0305471,-0.0305471,1.04856,1322.18,1568.88</tsv>
      </alignment2d>
    </section-image>
    <section-image>
      <annotated type="boolean">false</annotated>
      <axes nil="true"/>
      <bits-per-component type="integer">8</bits-per-component>
      <data-set-id type="integer">79556706</data-set-id>
      <expression-path>/external/aibssan/production32/prod303/0301121764/0301121764_352_expression.aff</expression-path>
      <failed type="boolean">false</failed>
      <height type="integer">7185</height>
      <id type="integer">79572017</id>
      <image-height type="integer">7185</image-height>
      <image-type>Primary</image-type>
      <image-width type="integer">9025</image-width>
      <isi-experiment-id type="integer" nil="true"/>
      <lims1-id type="integer">79572017</lims1-id>
      <number-of-components type="integer">3</number-of-components>
      <ophys-experiment-id type="integer" nil="true"/>
      <path>/external/aibssan/production25/stitch1/0301121764/0301121764_1_zoom.aff</path>
      <projection-function nil="true"/>
      <resolution type="float">1.049</resolution>
      <section-number type="integer">352</section-number>
      <specimen-id type="integer" nil="true"/>
      <structure-id type="integer" nil="true"/>
      <tier-count type="integer">7</tier-count>
      <width type="integer">9025</width>
      <x type="integer">0</x>
      <y type="integer">0</y>
      <alignment2d>
        <id type="integer">337625227</id>
        <tvs>0.952968,-0.024724,0.024724,0.952968,-1405.45,-1618.87</tvs>
        <tsv>1.04865,0.0272063,-0.0272063,1.04865,1517.86,1659.39</tsv>
      </alignment2d>
    </section-image>
    <section-image>
      <annotated type="boolean">false</annotated>
      <axes nil="true"/>
      <bits-per-component type="integer">8</bits-per-component>
      <data-set-id type="integer">79556706</data-set-id>
      <expression-path>/external/aibssan/production32/prod303/0301121764/0301121764_360_expression.aff</expression-path>
      <failed type="boolean">false</failed>
      <height type="integer">7121</height>
      <id type="integer">79572019</id>
      <image-height type="integer">7121</image-height>
      <image-type>Primary</image-type>
      <image-width type="integer">8769</image-width>
      <isi-experiment-id type="integer" nil="true"/>
      <lims1-id type="integer">79572019</lims1-id>
      <number-of-components type="integer">3</number-of-components>
      <ophys-experiment-id type="integer" nil="true"/>
      <path>/external/aibssan/production25/stitch1/0301121764/0301121764_2_zoom.aff</path>
      <projection-function nil="true"/>
      <resolution type="float">1.049</resolution>
      <section-number type="integer">360</section-number>
      <specimen-id type="integer" nil="true"/>
      <structure-id type="integer" nil="true"/>
      <tier-count type="integer">7</tier-count>
      <width type="integer">8769</width>
      <x type="integer">0</x>
      <y type="integer">0</y>
      <alignment2d>
        <id type="integer">337625231</id>
        <tvs>0.953169,-0.0151454,0.0151454,0.953169,-1574.09,-1570.72</tvs>
        <tsv>1.04887,0.016666,-0.016666,1.04887,1677.19,1621.25</tsv>
      </alignment2d>
    </section-image>
    <section-image>
      <annotated type="boolean">false</annotated>
      <axes nil="true"/>
      <bits-per-component type="integer">8</bits-per-component>
      <data-set-id type="integer">79556706</data-set-id>
      <expression-path>/external/aibssan/production32/prod303/0301121764/0301121764_368_expression.aff</expression-path>
      <failed type="boolean">false</failed>
      <height type="integer">6849</height>
      <id type="integer">79572021</id>
      <image-height type="integer">6849</image-height>
      <image-type>Primary</image-type>
      <image-width type="integer">8529</image-width>
      <isi-experiment-id type="integer" nil="true"/>
      <lims1-id type="integer">79572021</lims1-id>
      <number-of-components type="integer">3</number-of-components>
      <ophys-experiment-id type="integer" nil="true"/>
      <path>/external/aibssan/production25/stitch1/0301121764/0301121764_3_zoom.aff</path>
      <projection-function nil="true"/>
      <resolution type="float">1.049</resolution>
      <section-number type="integer">368</section-number>
      <specimen-id type="integer" nil="true"/>
      <structure-id type="integer" nil="true"/>
      <tier-count type="integer">7</tier-count>
      <width type="integer">8529</width>
      <x type="integer">0</x>
      <y type="integer">0</y>
      <alignment2d>
        <id type="integer">337625235</id>
        <tvs>0.953201,-0.0129239,0.0129239,0.953201,-1688.76,-1661.94</tvs>
        <tsv>1.0489,0.0142214,-0.0142214,1.0489,1794.98,1719.2</tsv>
      </alignment2d>
    </section-image>
    <section-image>
      <annotated type="boolean">false</annotated>
      <axes nil="true"/>
      <bits-per-component type="integer">8</bits-per-component>
      <data-set-id type="integer">79556706</data-set-id>
      <expression-path>/external/aibssan/production32/prod303/0301132202/0301132202_392_expression.aff</expression-path>
      <failed type="boolean">false</failed>
      <height type="integer">6273</height>
      <id type="integer">79572029</id>
      <image-height type="integer">6273</image-height>
      <image-type>Primary</image-type>
      <image-width type="integer">7841</image-width>
      <isi-experiment-id type="integer" nil="true"/>
      <lims1-id type="integer">79572029</lims1-id>
      <number-of-components type="integer">3</number-of-components>
      <ophys-experiment-id type="integer" nil="true"/>
      <path>/external/aibssan/production25/stitch1/0301132202/0301132202_2_zoom.aff</path>
      <projection-function nil="true"/>
      <resolution type="float">1.049</resolution>
      <section-number type="integer">392</section-number>
      <specimen-id type="integer" nil="true"/>
      <structure-id type="integer" nil="true"/>
      <tier-count type="integer">6</tier-count>
      <width type="integer">7841</width>
      <x type="integer">0</x>
      <y type="integer">0</y>
      <alignment2d>
        <id type="integer">337625239</id>
        <tvs>0.953265,-0.00678423,0.00678423,0.953265,-2087.88,-1892.33</tvs>
        <tsv>1.04897,0.00746538,-0.00746538,1.04897,2204.26,1969.41</tsv>
      </alignment2d>
    </section-image>
    <section-image>
      <annotated type="boolean">false</annotated>
      <axes nil="true"/>
      <bits-per-component type="integer">8</bits-per-component>
      <data-set-id type="integer">79556706</data-set-id>
      <expression-path>/external/aibssan/production32/prod303/0301132202/0301132202_400_expression.aff</expression-path>
      <failed type="boolean">false</failed>
      <height type="integer">6033</height>
      <id type="integer">79572031</id>
      <image-height type="integer">6033</image-height>
      <image-type>Primary</image-type>
      <image-width type="integer">8049</image-width>
      <isi-experiment-id type="integer" nil="true"/>
      <lims1-id type="integer">79572031</lims1-id>
      <number-of-components type="integer">3</number-of-components>
      <ophys-experiment-id type="integer" nil="true"/>
      <path>/external/aibssan/production25/stitch1/0301132202/0301132202_3_zoom.aff</path>
      <projection-function nil="true"/>
      <resolution type="float">1.049</resolution>
      <section-number type="integer">400</section-number>
      <specimen-id type="integer" nil="true"/>
      <structure-id type="integer" nil="true"/>
      <tier-count type="integer">6</tier-count>
      <width type="integer">8049</width>
      <x type="integer">0</x>
      <y type="integer">0</y>
      <alignment2d>
        <id type="integer">337625243</id>
        <tvs>0.953228,-0.0108021,0.0108021,0.953228,-1689.46,-1965.53</tvs>
        <tsv>1.04893,0.0118866,-0.0118866,1.04893,1795.5,2041.63</tsv>
      </alignment2d>
    </section-image>
    <section-image>
      <annotated type="boolean">false</annotated>
      <axes nil="true"/>
      <bits-per-component type="integer">8</bits-per-component>
      <data-set-id type="integer">79556706</data-set-id>
      <expression-path>/external/aibssan/production32/prod303/0301132202/0301132202_408_expression.aff</expression-path>
      <failed type="boolean">false</failed>
      <height type="integer">5681</height>
      <id type="integer">79572033</id>
      <image-height type="integer">5681</image-height>
      <image-type>Primary</image-type>
      <image-width type="integer">7169</image-width>
      <isi-experiment-id type="integer" nil="true"/>
      <lims1-id type="integer">79572033</lims1-id>
      <number-of-components type="integer">3</number-of-components>
      <ophys-experiment-id type="integer" nil="true"/>
      <path>/external/aibssan/production25/stitch1/0301132202/0301132202_4_zoom.aff</path>
      <projection-function nil="true"/>
      <resolution type="float">1.049</resolution>
      <section-number type="integer">408</section-number>
      <specimen-id type="integer" nil="true"/>
      <structure-id type="integer" nil="true"/>
      <tier-count type="integer">6</tier-count>
      <width type="integer">7169</width>
      <x type="integer">0</x>
      <y type="integer">0</y>
      <alignment2d>
        <id type="integer">337625247</id>
        <tvs>0.953257,-0.00780603,0.00780603,0.953257,-2350.76,-2095.79</tvs>
        <tsv>1.04896,0.00858976,-0.00858976,1.04896,2483.87,2178.21</tsv>
      </alignment2d>
    </section-image>
    <section-image>
      <annotated type="boolean">false</annotated>
      <axes nil="true"/>
      <bits-per-component type="integer">8</bits-per-component>
      <data-set-id type="integer">79556706</data-set-id>
      <expression-path>/external/aibssan/production32/prod303/0301141759/0301141759_416_expression.aff</expression-path>
      <failed type="boolean">false</failed>
      <height type="integer">8577</height>
      <id type="integer">79572037</id>
      <image-height type="integer">8577</image-height>
      <image-type>Primary</image-type>
      <image-width type="integer">13361</image-width>
      <isi-experiment-id type="integer" nil="true"/>
      <lims1-id type="integer">79572037</lims1-id>
      <number-of-components type="integer">3</number-of-components>
      <ophys-experiment-id type="integer" nil="true"/>
      <path>/external/aibssan/production25/stitch1/0301141759/0301141759_1_zoom.aff</path>
      <projection-function nil="true"/>
      <resolution type="float">1.049</resolution>
      <section-number type="integer">416</section-number>
      <specimen-id type="integer" nil="true"/>
      <structure-id type="integer" nil="true"/>
      <tier-count type="integer">7</tier-count>
      <width type="integer">13361</width>
      <x type="integer">0</x>
      <y type="integer">0</y>
      <alignment2d>
        <id type="integer">337625251</id>
        <tvs>0.953282,-0.00365648,0.00365648,0.953282,3935.9,-58.716</tvs>
        <tsv>1.04899,0.0040236,-0.0040236,1.04899,-4128.49,77.4291</tsv>
      </alignment2d>
    </section-image>
    <section-image>
      <annotated type="boolean">false</annotated>
      <axes nil="true"/>
      <bits-per-component type="integer">8</bits-per-component>
      <data-set-id type="integer">79556706</data-set-id>
      <expression-path>/external/aibssan/production32/prod303/0301141759/0301141759_424_expression.aff</expression-path>
      <failed type="boolean">false</failed>
      <height type="integer">5329</height>
      <id type="integer">79572039</id>
      <image-height type="integer">5329</image-height>
      <image-type>Primary</image-type>
      <image-width type="integer">6609</image-width>
      <isi-experiment-id type="integer" nil="true"/>
      <lims1-id type="integer">79572039</lims1-id>
      <number-of-components type="integer">3</number-of-components>
      <ophys-experiment-id type="integer" nil="true"/>
      <path>/external/aibssan/production25/stitch1/0301141759/0301141759_2_zoom.aff</path>
      <projection-function nil="true"/>
      <resolution type="float">1.049</resolution>
      <section-number type="integer">424</section-number>
      <specimen-id type="integer" nil="true"/>
      <structure-id type="integer" nil="true"/>
      <tier-count type="integer">6</tier-count>
      <width type="integer">6609</width>
      <x type="integer">0</x>
      <y type="integer">0</y>
      <alignment2d>
        <id type="integer">337625255</id>
        <tvs>0.953244,-0.00920162,0.00920162,0.953244,-2676.46,-2299.79</tvs>
        <tsv>1.04895,0.0101255,-0.0101255,1.04895,2830.76,2385.27</tsv>
      </alignment2d>
    </section-image>
    <section-image>
      <annotated type="boolean">false</annotated>
      <axes nil="true"/>
      <bits-per-component type="integer">8</bits-per-component>
      <data-set-id type="integer">79556706</data-set-id>
      <expression-path>/external/aibssan/production32/prod303/0301141759/0301141759_432_expression.aff</expression-path>
      <failed type="boolean">false</failed>
      <height type="integer">4993</height>
      <id type="integer">79572041</id>
      <image-height type="integer">4993</image-height>
      <image-type>Primary</image-type>
      <image-width type="integer">6161</image-width>
      <isi-experiment-id type="integer" nil="true"/>
      <lims1-id type="integer">79572041</lims1-id>
      <number-of-components type="integer">3</number-of-components>
      <ophys-experiment-id type="integer" nil="true"/>
      <path>/external/aibssan/production25/stitch1/0301141759/0301141759_3_zoom.aff</path>
      <projection-function nil="true"/>
      <resolution type="float">1.049</resolution>
      <section-number type="integer">432</section-number>
      <specimen-id type="integer" nil="true"/>
      <structure-id type="integer" nil="true"/>
      <tier-count type="integer">6</tier-count>
      <width type="integer">6161</width>
      <x type="integer">0</x>
      <y type="integer">0</y>
      <alignment2d>
        <id type="integer">337625259</id>
        <tvs>0.953225,-0.0110617,0.0110617,0.953225,-2911.83,-2519.12</tvs>
        <tsv>1.04893,0.0121723,-0.0121723,1.04893,3084.96,2606.93</tsv>
      </alignment2d>
    </section-image>
    <section-image>
      <annotated type="boolean">false</annotated>
      <axes nil="true"/>
      <bits-per-component type="integer">8</bits-per-component>
      <data-set-id type="integer">79556706</data-set-id>
      <expression-path>/external/aibssan/production32/prod303/0301141759/0301141759_440_expression.aff</expression-path>
      <failed type="boolean">false</failed>
      <height type="integer">4977</height>
      <id type="integer">79572043</id>
      <image-height type="integer">4977</image-height>
      <image-type>Primary</image-type>
      <image-width type="integer">5729</image-width>
      <isi-experiment-id type="integer" nil="true"/>
      <lims1-id type="integer">79572043</lims1-id>
      <number-of-components type="integer">3</number-of-components>
      <ophys-experiment-id type="integer" nil="true"/>
      <path>/external/aibssan/production25/stitch1/0301141759/0301141759_4_zoom.aff</path>
      <projection-function nil="true"/>
      <resolution type="float">1.049</resolution>
      <section-number type="integer">440</section-number>
      <specimen-id type="integer" nil="true"/>
      <structure-id type="integer" nil="true"/>
      <tier-count type="integer">6</tier-count>
      <width type="integer">5729</width>
      <x type="integer">0</x>
      <y type="integer">0</y>
      <alignment2d>
        <id type="integer">337625263</id>
        <tvs>0.953125,-0.0176992,0.0176992,0.953125,-3129.73,-2590.51</tvs>
        <tsv>1.04882,0.0194763,-0.0194763,1.04882,3332.97,2656.02</tsv>
      </alignment2d>
    </section-image>
    <section-image>
      <annotated type="boolean">false</annotated>
      <axes nil="true"/>
      <bits-per-component type="integer">8</bits-per-component>
      <data-set-id type="integer">79556706</data-set-id>
      <expression-path>/external/aibssan/production32/prod303/0301151924/0301151924_448_expression.aff</expression-path>
      <failed type="boolean">false</failed>
      <height type="integer">5041</height>
      <id type="integer">79572047</id>
      <image-height type="integer">5041</image-height>
      <image-type>Primary</image-type>
      <image-width type="integer">5009</image-width>
      <isi-experiment-id type="integer" nil="true"/>
      <lims1-id type="integer">79572047</lims1-id>
      <number-of-components type="integer">3</number-of-components>
      <ophys-experiment-id type="integer" nil="true"/>
      <path>/external/aibssan/production25/stitch1/0301151924/0301151924_1_zoom.aff</path>
      <projection-function nil="true"/>
      <resolution type="float">1.049</resolution>
      <section-number type="integer">448</section-number>
      <specimen-id type="integer" nil="true"/>
      <structure-id type="integer" nil="true"/>
      <tier-count type="integer">6</tier-count>
      <width type="integer">5009</width>
      <x type="integer">0</x>
      <y type="integer">0</y>
      <alignment2d>
        <id type="integer">337625268</id>
        <tvs>0.953269,-0.00610618,0.00610618,0.953269,-3420.43,-2758.05</tvs>
        <tsv>1.04898,0.00671925,-0.00671925,1.04898,3606.49,2870.16</tsv>
      </alignment2d>
    </section-image>
    <section-image>
      <annotated type="boolean">false</annotated>
      <axes nil="true"/>
      <bits-per-component type="integer">8</bits-per-component>
      <data-set-id type="integer">79556706</data-set-id>
      <expression-path>/external/aibssan/production32/prod303/0301151924/0301151924_456_expression.aff</expression-path>
      <failed type="boolean">false</failed>
      <height type="integer">4337</height>
      <id type="integer">79572049</id>
      <image-height type="integer">4337</image-height>
      <image-type>Primary</image-type>
      <image-width type="integer">4641</image-width>
      <isi-experiment-id type="integer" nil="true"/>
      <lims1-id type="integer">79572049</lims1-id>
      <number-of-components type="integer">3</number-of-components>
      <ophys-experiment-id type="integer" nil="true"/>
      <path>/external/aibssan/production25/stitch1/0301151924/0301151924_2_zoom.aff</path>
      <projection-function nil="true"/>
      <resolution type="float">1.049</resolution>
      <section-number type="integer">456</section-number>
      <specimen-id type="integer" nil="true"/>
      <structure-id type="integer" nil="true"/>
      <tier-count type="integer">6</tier-count>
      <width type="integer">4641</width>
      <x type="integer">0</x>
      <y type="integer">0</y>
      <alignment2d>
        <id type="integer">337625272</id>
        <tvs>0.953244,-0.00929035,0.00929035,0.953244,-3684.69,-3208.07</tvs>
        <tsv>1.04895,0.0102231,-0.0102231,1.04895,3897.85,3327.44</tsv>
      </alignment2d>
    </section-image>
    <section-image>
      <annotated type="boolean">false</annotated>
      <axes nil="true"/>
      <bits-per-component type="integer">8</bits-per-component>
      <data-set-id type="integer">79556706</data-set-id>
      <expression-path>/external/aibssan/production32/prod303/0301151924/0301151924_464_expression.aff</expression-path>
      <failed type="boolean">false</failed>
      <height type="integer">4257</height>
      <id type="integer">79572051</id>
      <image-height type="integer">4257</image-height>
      <image-type>Primary</image-type>
      <image-width type="integer">4881</image-width>
      <isi-experiment-id type="integer" nil="true"/>
      <lims1-id type="integer">79572051</lims1-id>
      <number-of-components type="integer">3</number-of-components>
      <ophys-experiment-id type="integer" nil="true"/>
      <path>/external/aibssan/production25/stitch1/0301151924/0301151924_3_zoom.aff</path>
      <projection-function nil="true"/>
      <resolution type="float">1.049</resolution>
      <section-number type="integer">464</section-number>
      <specimen-id type="integer" nil="true"/>
      <structure-id type="integer" nil="true"/>
      <tier-count type="integer">6</tier-count>
      <width type="integer">4881</width>
      <x type="integer">0</x>
      <y type="integer">0</y>
      <alignment2d>
        <id type="integer">337625274</id>
        <tvs>0.95326,-0.00741751,0.00741751,0.95326,-3560.75,-3231.07</tvs>
        <tsv>1.04897,0.00816224,-0.00816224,1.04897,3761.49,3360.22</tsv>
      </alignment2d>
    </section-image>
    <section-image>
      <annotated type="boolean">false</annotated>
      <axes nil="true"/>
      <bits-per-component type="integer">8</bits-per-component>
      <data-set-id type="integer">79556706</data-set-id>
      <expression-path>/external/aibssan/production32/prod303/0301151924/0301151924_472_expression.aff</expression-path>
      <failed type="boolean">false</failed>
      <height type="integer">4417</height>
      <id type="integer">79572053</id>
      <image-height type="integer">4417</image-height>
      <image-type>Primary</image-type>
      <image-width type="integer">4961</image-width>
      <isi-experiment-id type="integer" nil="true"/>
      <lims1-id type="integer">79572053</lims1-id>
      <number-of-components type="integer">3</number-of-components>
      <ophys-experiment-id type="integer" nil="true"/>
      <path>/external/aibssan/production25/stitch1/0301151924/0301151924_4_zoom.aff</path>
      <projection-function nil="true"/>
      <resolution type="float">1.049</resolution>
      <section-number type="integer">472</section-number>
      <specimen-id type="integer" nil="true"/>
      <structure-id type="integer" nil="true"/>
      <tier-count type="integer">6</tier-count>
      <width type="integer">4961</width>
      <x type="integer">0</x>
      <y type="integer">0</y>
      <alignment2d>
        <id type="integer">337625276</id>
        <tvs>0.953288,0.000955905,-0.000955905,0.953288,-3531.65,-2970.47</tvs>
        <tsv>1.049,-0.00105188,0.00105188,1.049,3701.57,3119.74</tsv>
      </alignment2d>
    </section-image>
    <section-image>
      <annotated type="boolean">true</annotated>
      <axes nil="true"/>
      <bits-per-component type="integer">8</bits-per-component>
      <data-set-id type="integer">79556706</data-set-id>
      <expression-path>/external/aibssan/production32/prod303/0301051854/0301051854_144_expression.aff</expression-path>
      <failed type="boolean">false</failed>
      <height type="integer">7121</height>
      <id type="integer">79571951</id>
      <image-height type="integer">7121</image-height>
      <image-type>Primary</image-type>
      <image-width type="integer">9537</image-width>
      <isi-experiment-id type="integer" nil="true"/>
      <lims1-id type="integer">79571951</lims1-id>
      <number-of-components type="integer">3</number-of-components>
      <ophys-experiment-id type="integer" nil="true"/>
      <path>/external/aibssan/production25/stitch1/0301051854/0301051854_3_zoom.aff</path>
      <projection-function nil="true"/>
      <resolution type="float">1.049</resolution>
      <section-number type="integer">144</section-number>
      <specimen-id type="integer" nil="true"/>
      <structure-id type="integer" nil="true"/>
      <tier-count type="integer">7</tier-count>
      <width type="integer">9537</width>
      <x type="integer">0</x>
      <y type="integer">0</y>
      <alignment2d>
        <id type="integer">337625067</id>
        <tvs>0.952779,-0.0311842,0.0311842,0.952779,-1179.99,-1504.81</tvs>
        <tsv>1.04844,0.0343152,-0.0343152,1.04844,1288.78,1537.21</tsv>
      </alignment2d>
    </section-image>
  </section-images>
  <plane_of_section>coronal</plane_of_section>
  <age>P56</age>
</section-data-set>
