<?xml version="1.0" encoding="UTF-8"?>
<section-data-set>
  <blue-channel nil="true"/>
  <delegate>false</delegate>
  <expression>false</expression>
  <failed>false</failed>
  <failed-facet>734881840</failed-facet>
  <green-channel nil="true"/>
  <id>1056</id>
  <name nil="true"/>
  <qc-date nil="true"/>
  <red-channel nil="true"/>
  <reference-space-id>9</reference-space-id>
  <rnaseq-design-id nil="true"/>
  <section-thickness>25.0</section-thickness>
  <specimen-id>702565</specimen-id>
  <sphinx-id>89237</sphinx-id>
  <storage-directory>/external/mouse/prod1/image_series_1056/</storage-directory>
  <weight>5470</weight>
  <products>
    <product>
      <abbreviation>DevMouse</abbreviation>
      <description>High-resolution ISH data detailing expression patterns of ~2,000 genes across mouse brain development.</description>
      <id type="integer">3</id>
      <name>Developing Mouse Brain</name>
      <product-name-facet type="integer">2290087187</product-name-facet>
      <resource>Allen Developing Mouse Brain Atlas</resource>
      <species>Mouse</species>
      <species-name-facet type="integer">1861523945</species-name-facet>
      <tags nil="true"/>
    </product>
    <product>
      <abbreviation>Mouse</abbreviation>
      <description>Genome-wide, high-resolution ISH data detailing gene expression throughout the adult mouse brain.</description>
      <id type="integer">1</id>
      <name>Mouse Brain</name>
      <product-name-facet type="integer">2757464828</product-name-facet>
      <resource>Allen Mouse Brain Atlas</resource>
      <species>Mouse</species>
      <species-name-facet type="integer">1861523945</species-name-facet>
      <tags nil="true"/>
    </product>
  </products>
  <specimen>
    <cell-prep-sample-id type="integer" nil="true"/>
    <cell-reporter-id type="integer" nil="true"/>
    <data nil="true"/>
    <donor-id type="integer">10272</donor-id>
    <ephys-result-id type="integer" nil="true"/>
    <external-specimen-name nil="true"/>
    <failed-facet type="integer">734881840</failed-facet>
    <hemisphere nil="true"/>
    <id type="integer">702565</id>
    <is-cell-specimen type="boolean">false</is-cell-specimen>
    <is-ish type="boolean">false</is-ish>
    <name>2029</name>
    <parent-id type="integer" nil="true"/>
    <parent-x-coord type="integer" nil="true"/>
    <parent-y-coord type="integer" nil="true"/>
    <parent-z-coord type="integer" nil="true"/>
    <rna-integrity-number type="float" nil="true"/>
    <specimen-id-path>/702565/</specimen-id-path>
    <sphinx-id type="integer">3529</sphinx-id>
    <structure-id type="integer" nil="true"/>
    <tissue-ph type="float" nil="true"/>
    <treatment-id type="integer" nil="true"/>
    <weight type="integer">9000</weight>
    <donor>
      <age-id type="integer">15</age-id>
      <chemotherapy nil="true"/>
      <condition-description nil="true"/>
      <data nil="true"/>
      <date-of-birth type="datetime" nil="true"/>
      <donor-condition-description-facet type="integer" nil="true"/>
      <donor-race-only-facet type="integer" nil="true"/>
      <donor-sex-facet type="integer">4122955671</donor-sex-facet>
      <donor-strain-facet type="integer">4276187917</donor-strain-facet>
      <donor-strain-only-facet type="integer">4276187917</donor-strain-only-facet>
      <egfr-amplification nil="true"/>
      <extent-of-resection nil="true"/>
      <external-donor-name nil="true"/>
      <handedness nil="true"/>
      <id type="integer">10272</id>
      <initial-kps nil="true"/>
      <mgmt-ihc type="integer" nil="true"/>
      <mgmt-methylation nil="true"/>
      <molecular-subtype nil="true"/>
      <multifocal nil="true"/>
      <name>2029</name>
      <organism-id type="integer">2</organism-id>
      <pmi type="float" nil="true"/>
      <primary-tissue-source>Baylor</primary-tissue-source>
      <pten-deletion nil="true"/>
      <race-only nil="true"/>
      <radiation-therapy nil="true"/>
      <recurrence-by-six-months nil="true"/>
      <sex>M</sex>
      <sex-full-name>Male</sex-full-name>
      <sleep-state nil="true"/>
      <smoker nil="true"/>
      <strain>C57BL/6J</strain>
      <strain-only>C57BL/6J</strain-only>
      <survival-days type="integer" nil="true"/>
      <tags>2029 </tags>
      <theiler-stage nil="true"/>
      <time-to-progression-or-recurrence nil="true"/>
      <transgenic-mouse-id type="integer" nil="true"/>
      <tumor-status nil="true"/>
      <weight-grams type="float" nil="true"/>
    </donor>
  </specimen>
  <alignment3d>
    <id type="integer">348504406</id>
    <trv>-0.0139891,-0.0334223,0.931975,0.107561,1.03981,0.0343185,-0.923405,0.130315,-0.00976073,1353.48,1383.05,11370.2</trv>
    <tvr>-0.0160828,0.133229,-1.06719,-0.033702,0.946744,0.11079,1.07154,0.0359517,-0.0120455,11971.6,-2523.49,-1363.07</tvr>
  </alignment3d>
  <section-images>
    <section-image>
      <annotated type="boolean">false</annotated>
      <axes nil="true"/>
      <bits-per-component type="integer">8</bits-per-component>
      <data-set-id type="integer">1056</data-set-id>
      <expression-path>/external/aibssan/production32/prod31/b.1056.1/b.1056.1_7_expression.aff</expression-path>
      <failed type="boolean">false</failed>
      <height type="integer">4875</height>
      <id type="integer">101322530</id>
      <image-height type="integer">4875</image-height>
      <image-type>Primary</image-type>
      <image-width type="integer">4920</image-width>
      <isi-experiment-id type="integer" nil="true"/>
      <lims1-id type="integer">69227</lims1-id>
      <number-of-components type="integer">3</number-of-components>
      <ophys-experiment-id type="integer" nil="true"/>
      <path>/external/aibssan/production4/Th_Baylor_8732/zoomify/primary/null/Th_7_null_A.aff</path>
      <projection-function nil="true"/>
      <resolution type="float">1.63</resolution>
      <section-number type="integer">7</section-number>
      <specimen-id type="integer" nil="true"/>
      <structure-id type="integer" nil="true"/>
      <tier-count type="integer">6</tier-count>
      <width type="integer">4920</width>
      <x type="integer">0</x>
      <y type="integer">0</y>
      <alignment2d>
        <id type="integer">348504414</id>
        <tvs>0.613308,-0.0152445,0.0152445,0.613308,-1375.88,-1682.68</tvs>
        <tsv>1.6295,0.0405032,-0.0405032,1.6295,2310.15,2686.2</tsv>
      </alignment2d>
    </section-image>
    <section-image>
      <annotated type="boolean">false</annotated>
      <axes nil="true"/>
      <bits-per-component type="integer">8</bits-per-component>
      <data-set-id type="integer">1056</data-set-id>
      <expression-path>/external/aibssan/production32/prod31/b.1056.1/b.1056.1_15_expression.aff</expression-path>
      <failed type="boolean">false</failed>
      <height type="integer">4940</height>
      <id type="integer">101322534</id>
      <image-height type="integer">4940</image-height>
      <image-type>Primary</image-type>
      <image-width type="integer">4740</image-width>
      <isi-experiment-id type="integer" nil="true"/>
      <lims1-id type="integer">69228</lims1-id>
      <number-of-components type="integer">3</number-of-components>
      <ophys-experiment-id type="integer" nil="true"/>
      <path>/external/aibssan/production4/Th_Baylor_8732/zoomify/primary/null/Th_15_null_B.aff</path>
      <projection-function nil="true"/>
      <resolution type="float">1.63</resolution>
      <section-number type="integer">15</section-number>
      <specimen-id type="integer" nil="true"/>
      <structure-id type="integer" nil="true"/>
      <tier-count type="integer">6</tier-count>
      <width type="integer">4740</width>
      <x type="integer">0</x>
      <y type="integer">0</y>
      <alignment2d>
        <id type="integer">348504416</id>
        <tvs>0.613295,-0.0157281,0.0157281,0.613295,-1412.85,-1693.74</tvs>
        <tsv>1.62946,0.0417879,-0.0417879,1.62946,2372.96,2700.84</tsv>
      </alignment2d>
    </section-image>
    <section-image>
      <annotated type="boolean">false</annotated>
      <axes nil="true"/>
      <bits-per-component type="integer">8</bits-per-component>
      <data-set-id type="integer">1056</data-set-id>
      <expression-path>/external/aibssan/production32/prod31/b.1056.1/b.1056.1_23_expression.aff</expression-path>
      <failed type="boolean">false</failed>
      <height type="integer">5175</height>
      <id type="integer">101322538</id>
      <image-height type="integer">5175</image-height>
      <image-type>Primary</image-type>
      <image-width type="integer">5020</image-width>
      <isi-experiment-id type="integer" nil="true"/>
      <lims1-id type="integer">69229</lims1-id>
      <number-of-components type="integer">3</number-of-components>
      <ophys-experiment-id type="integer" nil="true"/>
      <path>/external/aibssan/production4/Th_Baylor_8732/zoomify/primary/null/Th_23_null_C.aff</path>
      <projection-function nil="true"/>
      <resolution type="float">1.63</resolution>
      <section-number type="integer">23</section-number>
      <specimen-id type="integer" nil="true"/>
      <structure-id type="integer" nil="true"/>
      <tier-count type="integer">6</tier-count>
      <width type="integer">5020</width>
      <x type="integer">0</x>
      <y type="integer">0</y>
      <alignment2d>
        <id type="integer">348504418</id>
        <tvs>0.613344,-0.0136883,0.0136883,0.613344,-1318.42,-1454.13</tvs>
        <tsv>1.62959,0.0363684,-0.0363684,1.62959,2201.38,2321.7</tsv>
      </alignment2d>
    </section-image>
    <section-image>
      <annotated type="boolean">false</annotated>
      <axes nil="true"/>
      <bits-per-component type="integer">8</bits-per-component>
      <data-set-id type="integer">1056</data-set-id>
      <expression-path>/external/aibssan/production32/prod31/b.1056.1/b.1056.1_31_expression.aff</expression-path>
      <failed type="boolean">false</failed>
      <height type="integer">4880</height>
      <id type="integer">101322542</id>
      <image-height type="integer">4880</image-height>
      <image-type>Primary</image-type>
      <image-width type="integer">5060</image-width>
      <isi-experiment-id type="integer" nil="true"/>
      <lims1-id type="integer">69230</lims1-id>
      <number-of-components type="integer">3</number-of-components>
      <ophys-experiment-id type="integer" nil="true"/>
      <path>/external/aibssan/production4/Th_Baylor_8732/zoomify/primary/null/Th_31_null_D.aff</path>
      <projection-function nil="true"/>
      <resolution type="float">1.63</resolution>
      <section-number type="integer">31</section-number>
      <specimen-id type="integer" nil="true"/>
      <structure-id type="integer" nil="true"/>
      <tier-count type="integer">6</tier-count>
      <width type="integer">5060</width>
      <x type="integer">0</x>
      <y type="integer">0</y>
      <alignment2d>
        <id type="integer">348504420</id>
        <tvs>0.613425,-0.00938506,0.00938506,0.613425,-1307.0,-1689.01</tvs>
        <tsv>1.62981,0.0249352,-0.0249352,1.62981,2172.27,2720.17</tsv>
      </alignment2d>
    </section-image>
    <section-image>
      <annotated type="boolean">false</annotated>
      <axes nil="true"/>
      <bits-per-component type="integer">8</bits-per-component>
      <data-set-id type="integer">1056</data-set-id>
      <expression-path>/external/aibssan/production32/prod31/b.1056.2/b.1056.2_39_expression.aff</expression-path>
      <failed type="boolean">false</failed>
      <height type="integer">4895</height>
      <id type="integer">101322546</id>
      <image-height type="integer">4895</image-height>
      <image-type>Primary</image-type>
      <image-width type="integer">5280</image-width>
      <isi-experiment-id type="integer" nil="true"/>
      <lims1-id type="integer">69231</lims1-id>
      <number-of-components type="integer">3</number-of-components>
      <ophys-experiment-id type="integer" nil="true"/>
      <path>/external/aibssan/production4/Th_Baylor_8732/zoomify/primary/null/Th_39_null_A.aff</path>
      <projection-function nil="true"/>
      <resolution type="float">1.63</resolution>
      <section-number type="integer">39</section-number>
      <specimen-id type="integer" nil="true"/>
      <structure-id type="integer" nil="true"/>
      <tier-count type="integer">6</tier-count>
      <width type="integer">5280</width>
      <x type="integer">0</x>
      <y type="integer">0</y>
      <alignment2d>
        <id type="integer">348504422</id>
        <tvs>0.613368,-0.0125992,0.0125992,0.613368,-1217.65,-1443.68</tvs>
        <tsv>1.62966,0.0334749,-0.0334749,1.62966,2032.68,2311.95</tsv>
      </alignment2d>
    </section-image>
    <section-image>
      <annotated type="boolean">false</annotated>
      <axes nil="true"/>
      <bits-per-component type="integer">8</bits-per-component>
      <data-set-id type="integer">1056</data-set-id>
      <expression-path>/external/aibssan/production32/prod31/b.1056.2/b.1056.2_47_expression.aff</expression-path>
      <failed type="boolean">false</failed>
      <height type="integer">4935</height>
      <id type="integer">101322550</id>
      <image-height type="integer">4935</image-height>
      <image-type>Primary</image-type>
      <image-width type="integer">5460</image-width>
      <isi-experiment-id type="integer" nil="true"/>
      <lims1-id type="integer">69232</lims1-id>
      <number-of-components type="integer">3</number-of-components>
      <ophys-experiment-id type="integer" nil="true"/>
      <path>/external/aibssan/production4/Th_Baylor_8732/zoomify/primary/null/Th_47_null_B.aff</path>
      <projection-function nil="true"/>
      <resolution type="float">1.63</resolution>
      <section-number type="integer">47</section-number>
      <specimen-id type="integer" nil="true"/>
      <structure-id type="integer" nil="true"/>
      <tier-count type="integer">6</tier-count>
      <width type="integer">5460</width>
      <x type="integer">0</x>
      <y type="integer">0</y>
      <alignment2d>
        <id type="integer">348504424</id>
        <tvs>0.613315,-0.0149478,0.0149478,0.613315,-1162.81,-1486.49</tvs>
        <tsv>1.62952,0.0397148,-0.0397148,1.62952,1953.85,2376.08</tsv>
      </alignment2d>
    </section-image>
    <section-image>
      <annotated type="boolean">false</annotated>
      <axes nil="true"/>
      <bits-per-component type="integer">8</bits-per-component>
      <data-set-id type="integer">1056</data-set-id>
      <expression-path>/external/aibssan/production32/prod31/b.1056.2/b.1056.2_55_expression.aff</expression-path>
      <failed type="boolean">false</failed>
      <height type="integer">5134</height>
      <id type="integer">101322554</id>
      <image-height type="integer">5134</image-height>
      <image-type>Primary</image-type>
      <image-width type="integer">5260</image-width>
      <isi-experiment-id type="integer" nil="true"/>
      <lims1-id type="integer">69233</lims1-id>
      <number-of-components type="integer">3</number-of-components>
      <ophys-experiment-id type="integer" nil="true"/>
      <path>/external/aibssan/production4/Th_Baylor_8732/zoomify/primary/null/Th_55_null_C.aff</path>
      <projection-function nil="true"/>
      <resolution type="float">1.63</resolution>
      <section-number type="integer">55</section-number>
      <specimen-id type="integer" nil="true"/>
      <structure-id type="integer" nil="true"/>
      <tier-count type="integer">6</tier-count>
      <width type="integer">5260</width>
      <x type="integer">0</x>
      <y type="integer">0</y>
      <alignment2d>
        <id type="integer">348504426</id>
        <tvs>0.613178,-0.019779,0.019779,0.613178,-1119.25,-1447.78</tvs>
        <tsv>1.62915,0.0525507,-0.0525507,1.62915,1899.5,2299.85</tsv>
      </alignment2d>
    </section-image>
    <section-image>
      <annotated type="boolean">false</annotated>
      <axes nil="true"/>
      <bits-per-component type="integer">8</bits-per-component>
      <data-set-id type="integer">1056</data-set-id>
      <expression-path>/external/aibssan/production32/prod31/b.1056.2/b.1056.2_63_expression.aff</expression-path>
      <failed type="boolean">false</failed>
      <height type="integer">4855</height>
      <id type="integer">101322558</id>
      <image-height type="integer">4855</image-height>
      <image-type>Primary</image-type>
      <image-width type="integer">5700</image-width>
      <isi-experiment-id type="integer" nil="true"/>
      <lims1-id type="integer">69234</lims1-id>
      <number-of-components type="integer">3</number-of-components>
      <ophys-experiment-id type="integer" nil="true"/>
      <path>/external/aibssan/production4/Th_Baylor_8732/zoomify/primary/null/Th_63_null_D.aff</path>
      <projection-function nil="true"/>
      <resolution type="float">1.63</resolution>
      <section-number type="integer">63</section-number>
      <specimen-id type="integer" nil="true"/>
      <structure-id type="integer" nil="true"/>
      <tier-count type="integer">6</tier-count>
      <width type="integer">5700</width>
      <x type="integer">0</x>
      <y type="integer">0</y>
      <alignment2d>
        <id type="integer">348504428</id>
        <tvs>0.613382,-0.0118626,0.0118626,0.613382,-1004.0,-1507.84</tvs>
        <tsv>1.6297,0.0315179,-0.0315179,1.6297,1683.73,2425.68</tsv>
      </alignment2d>
    </section-image>
    <section-image>
      <annotated type="boolean">false</annotated>
      <axes nil="true"/>
      <bits-per-component type="integer">8</bits-per-component>
      <data-set-id type="integer">1056</data-set-id>
      <expression-path>/external/aibssan/production32/prod31/b.1056.3/b.1056.3_71_expression.aff</expression-path>
      <failed type="boolean">false</failed>
      <height type="integer">4780</height>
      <id type="integer">101322562</id>
      <image-height type="integer">4780</image-height>
      <image-type>Primary</image-type>
      <image-width type="integer">5700</image-width>
      <isi-experiment-id type="integer" nil="true"/>
      <lims1-id type="integer">69235</lims1-id>
      <number-of-components type="integer">3</number-of-components>
      <ophys-experiment-id type="integer" nil="true"/>
      <path>/external/aibssan/production4/Th_Baylor_8732/zoomify/primary/null/Th_71_null_A.aff</path>
      <projection-function nil="true"/>
      <resolution type="float">1.63</resolution>
      <section-number type="integer">71</section-number>
      <specimen-id type="integer" nil="true"/>
      <structure-id type="integer" nil="true"/>
      <tier-count type="integer">6</tier-count>
      <width type="integer">5700</width>
      <x type="integer">0</x>
      <y type="integer">0</y>
      <alignment2d>
        <id type="integer">348504430</id>
        <tvs>0.613205,-0.0189351,0.0189351,0.613205,-915.962,-1517.16</tvs>
        <tsv>1.62922,0.0503088,-0.0503088,1.62922,1568.63,2425.71</tsv>
      </alignment2d>
    </section-image>
    <section-image>
      <annotated type="boolean">false</annotated>
      <axes nil="true"/>
      <bits-per-component type="integer">8</bits-per-component>
      <data-set-id type="integer">1056</data-set-id>
      <expression-path>/external/aibssan/production32/prod31/b.1056.3/b.1056.3_79_expression.aff</expression-path>
      <failed type="boolean">false</failed>
      <height type="integer">4655</height>
      <id type="integer">101322566</id>
      <image-height type="integer">4655</image-height>
      <image-type>Primary</image-type>
      <image-width type="integer">5720</image-width>
      <isi-experiment-id type="integer" nil="true"/>
      <lims1-id type="integer">69236</lims1-id>
      <number-of-components type="integer">3</number-of-components>
      <ophys-experiment-id type="integer" nil="true"/>
      <path>/external/aibssan/production4/Th_Baylor_8732/zoomify/primary/null/Th_79_null_B.aff</path>
      <projection-function nil="true"/>
      <resolution type="float">1.63</resolution>
      <section-number type="integer">79</section-number>
      <specimen-id type="integer" nil="true"/>
      <structure-id type="integer" nil="true"/>
      <tier-count type="integer">6</tier-count>
      <width type="integer">5720</width>
      <x type="integer">0</x>
      <y type="integer">0</y>
      <alignment2d>
        <id type="integer">348504432</id>
        <tvs>0.613297,-0.0156448,0.0156448,0.613297,-1003.11,-1590.37</tvs>
        <tsv>1.62947,0.0415667,-0.0415667,1.62947,1700.64,2549.77</tsv>
      </alignment2d>
    </section-image>
    <section-image>
      <annotated type="boolean">false</annotated>
      <axes nil="true"/>
      <bits-per-component type="integer">8</bits-per-component>
      <data-set-id type="integer">1056</data-set-id>
      <expression-path>/external/aibssan/production32/prod31/b.1056.3/b.1056.3_87_expression.aff</expression-path>
      <failed type="boolean">false</failed>
      <height type="integer">4820</height>
      <id type="integer">101322570</id>
      <image-height type="integer">4820</image-height>
      <image-type>Primary</image-type>
      <image-width type="integer">5920</image-width>
      <isi-experiment-id type="integer" nil="true"/>
      <lims1-id type="integer">69237</lims1-id>
      <number-of-components type="integer">3</number-of-components>
      <ophys-experiment-id type="integer" nil="true"/>
      <path>/external/aibssan/production4/Th_Baylor_8732/zoomify/primary/null/Th_87_null_C.aff</path>
      <projection-function nil="true"/>
      <resolution type="float">1.63</resolution>
      <section-number type="integer">87</section-number>
      <specimen-id type="integer" nil="true"/>
      <structure-id type="integer" nil="true"/>
      <tier-count type="integer">6</tier-count>
      <width type="integer">5920</width>
      <x type="integer">0</x>
      <y type="integer">0</y>
      <alignment2d>
        <id type="integer">348504434</id>
        <tvs>0.613365,-0.0127046,0.0127046,0.613365,-951.053,-1377.32</tvs>
        <tsv>1.62965,0.0337548,-0.0337548,1.62965,1596.38,2212.45</tsv>
      </alignment2d>
    </section-image>
    <section-image>
      <annotated type="boolean">false</annotated>
      <axes nil="true"/>
      <bits-per-component type="integer">8</bits-per-component>
      <data-set-id type="integer">1056</data-set-id>
      <expression-path>/external/aibssan/production32/prod31/b.1056.3/b.1056.3_95_expression.aff</expression-path>
      <failed type="boolean">false</failed>
      <height type="integer">4575</height>
      <id type="integer">101322574</id>
      <image-height type="integer">4575</image-height>
      <image-type>Primary</image-type>
      <image-width type="integer">5920</image-width>
      <isi-experiment-id type="integer" nil="true"/>
      <lims1-id type="integer">69238</lims1-id>
      <number-of-components type="integer">3</number-of-components>
      <ophys-experiment-id type="integer" nil="true"/>
      <path>/external/aibssan/production4/Th_Baylor_8732/zoomify/primary/null/Th_95_null_D.aff</path>
      <projection-function nil="true"/>
      <resolution type="float">1.63</resolution>
      <section-number type="integer">95</section-number>
      <specimen-id type="integer" nil="true"/>
      <structure-id type="integer" nil="true"/>
      <tier-count type="integer">6</tier-count>
      <width type="integer">5920</width>
      <x type="integer">0</x>
      <y type="integer">0</y>
      <alignment2d>
        <id type="integer">348504438</id>
        <tvs>0.613052,-0.0233677,0.0233677,0.613052,-1020.72,-1605.1</tvs>
        <tsv>1.62882,0.0620856,-0.0620856,1.62882,1762.22,2551.05</tsv>
      </alignment2d>
    </section-image>
    <section-image>
      <annotated type="boolean">false</annotated>
      <axes nil="true"/>
      <bits-per-component type="integer">8</bits-per-component>
      <data-set-id type="integer">1056</data-set-id>
      <expression-path>/external/aibssan/production32/prod31/b.1056.4/b.1056.4_111_expression.aff</expression-path>
      <failed type="boolean">false</failed>
      <height type="integer">5000</height>
      <id type="integer">101322581</id>
      <image-height type="integer">5000</image-height>
      <image-type>Primary</image-type>
      <image-width type="integer">5880</image-width>
      <isi-experiment-id type="integer" nil="true"/>
      <lims1-id type="integer">69240</lims1-id>
      <number-of-components type="integer">3</number-of-components>
      <ophys-experiment-id type="integer" nil="true"/>
      <path>/external/aibssan/production4/Th_Baylor_8732/zoomify/primary/null/Th_111_null_B.aff</path>
      <projection-function nil="true"/>
      <resolution type="float">1.63</resolution>
      <section-number type="integer">111</section-number>
      <specimen-id type="integer" nil="true"/>
      <structure-id type="integer" nil="true"/>
      <tier-count type="integer">6</tier-count>
      <width type="integer">5880</width>
      <x type="integer">0</x>
      <y type="integer">0</y>
      <alignment2d>
        <id type="integer">348504442</id>
        <tvs>0.612961,-0.0256498,0.0256498,0.612961,-884.727,-1277.16</tvs>
        <tsv>1.62857,0.0681489,-0.0681489,1.62857,1527.88,2019.66</tsv>
      </alignment2d>
    </section-image>
    <section-image>
      <annotated type="boolean">false</annotated>
      <axes nil="true"/>
      <bits-per-component type="integer">8</bits-per-component>
      <data-set-id type="integer">1056</data-set-id>
      <expression-path>/external/aibssan/production32/prod31/b.1056.4/b.1056.4_119_expression.aff</expression-path>
      <failed type="boolean">false</failed>
      <height type="integer">5115</height>
      <id type="integer">101322585</id>
      <image-height type="integer">5115</image-height>
      <image-type>Primary</image-type>
      <image-width type="integer">6200</image-width>
      <isi-experiment-id type="integer" nil="true"/>
      <lims1-id type="integer">69241</lims1-id>
      <number-of-components type="integer">3</number-of-components>
      <ophys-experiment-id type="integer" nil="true"/>
      <path>/external/aibssan/production4/Th_Baylor_8732/zoomify/primary/null/Th_119_null_C.aff</path>
      <projection-function nil="true"/>
      <resolution type="float">1.63</resolution>
      <section-number type="integer">119</section-number>
      <specimen-id type="integer" nil="true"/>
      <structure-id type="integer" nil="true"/>
      <tier-count type="integer">6</tier-count>
      <width type="integer">6200</width>
      <x type="integer">0</x>
      <y type="integer">0</y>
      <alignment2d>
        <id type="integer">348504444</id>
        <tvs>0.613308,-0.0152086,0.0152086,0.613308,-793.113,-1372.2</tvs>
        <tsv>1.6295,0.0404078,-0.0404078,1.6295,1347.82,2203.96</tsv>
      </alignment2d>
    </section-image>
    <section-image>
      <annotated type="boolean">false</annotated>
      <axes nil="true"/>
      <bits-per-component type="integer">8</bits-per-component>
      <data-set-id type="integer">1056</data-set-id>
      <expression-path>/external/aibssan/production32/prod31/b.1056.4/b.1056.4_127_expression.aff</expression-path>
      <failed type="boolean">false</failed>
      <height type="integer">4900</height>
      <id type="integer">101322589</id>
      <image-height type="integer">4900</image-height>
      <image-type>Primary</image-type>
      <image-width type="integer">6180</image-width>
      <isi-experiment-id type="integer" nil="true"/>
      <lims1-id type="integer">69242</lims1-id>
      <number-of-components type="integer">3</number-of-components>
      <ophys-experiment-id type="integer" nil="true"/>
      <path>/external/aibssan/production4/Th_Baylor_8732/zoomify/primary/null/Th_127_null_D.aff</path>
      <projection-function nil="true"/>
      <resolution type="float">1.63</resolution>
      <section-number type="integer">127</section-number>
      <specimen-id type="integer" nil="true"/>
      <structure-id type="integer" nil="true"/>
      <tier-count type="integer">6</tier-count>
      <width type="integer">6180</width>
      <x type="integer">0</x>
      <y type="integer">0</y>
      <alignment2d>
        <id type="integer">348504446</id>
        <tvs>0.613495,-0.0014842,0.0014842,0.613495,-828.238,-1236.75</tvs>
        <tsv>1.63,0.00394338,-0.00394338,1.63,1354.9,2012.63</tsv>
      </alignment2d>
    </section-image>
    <section-image>
      <annotated type="boolean">false</annotated>
      <axes nil="true"/>
      <bits-per-component type="integer">8</bits-per-component>
      <data-set-id type="integer">1056</data-set-id>
      <expression-path>/external/aibssan/production32/prod31/b.1056.5/b.1056.5_135_expression.aff</expression-path>
      <failed type="boolean">false</failed>
      <height type="integer">5335</height>
      <id type="integer">101322593</id>
      <image-height type="integer">5335</image-height>
      <image-type>Primary</image-type>
      <image-width type="integer">6640</image-width>
      <isi-experiment-id type="integer" nil="true"/>
      <lims1-id type="integer">69243</lims1-id>
      <number-of-components type="integer">3</number-of-components>
      <ophys-experiment-id type="integer" nil="true"/>
      <path>/external/aibssan/production4/Th_Baylor_8732/zoomify/primary/null/Th_135_null_A.aff</path>
      <projection-function nil="true"/>
      <resolution type="float">1.63</resolution>
      <section-number type="integer">135</section-number>
      <specimen-id type="integer" nil="true"/>
      <structure-id type="integer" nil="true"/>
      <tier-count type="integer">6</tier-count>
      <width type="integer">6640</width>
      <x type="integer">0</x>
      <y type="integer">0</y>
      <alignment2d>
        <id type="integer">348504448</id>
        <tvs>0.613303,-0.0154401,0.0154401,0.613303,-532.364,-1082.12</tvs>
        <tsv>1.62948,0.0410229,-0.0410229,1.62948,911.87,1741.46</tsv>
      </alignment2d>
    </section-image>
    <section-image>
      <annotated type="boolean">false</annotated>
      <axes nil="true"/>
      <bits-per-component type="integer">8</bits-per-component>
      <data-set-id type="integer">1056</data-set-id>
      <expression-path>/external/aibssan/production32/prod31/b.1056.5/b.1056.5_151_expression.aff</expression-path>
      <failed type="boolean">false</failed>
      <height type="integer">4940</height>
      <id type="integer">101322601</id>
      <image-height type="integer">4940</image-height>
      <image-type>Primary</image-type>
      <image-width type="integer">6380</image-width>
      <isi-experiment-id type="integer" nil="true"/>
      <lims1-id type="integer">69245</lims1-id>
      <number-of-components type="integer">3</number-of-components>
      <ophys-experiment-id type="integer" nil="true"/>
      <path>/external/aibssan/production4/Th_Baylor_8732/zoomify/primary/null/Th_151_null_C.aff</path>
      <projection-function nil="true"/>
      <resolution type="float">1.63</resolution>
      <section-number type="integer">151</section-number>
      <specimen-id type="integer" nil="true"/>
      <structure-id type="integer" nil="true"/>
      <tier-count type="integer">6</tier-count>
      <width type="integer">6380</width>
      <x type="integer">0</x>
      <y type="integer">0</y>
      <alignment2d>
        <id type="integer">348504450</id>
        <tvs>0.613326,-0.0144804,0.0144804,0.613326,-667.93,-1295.49</tvs>
        <tsv>1.62955,0.0384731,-0.0384731,1.62955,1138.26,2085.37</tsv>
      </alignment2d>
    </section-image>
    <section-image>
      <annotated type="boolean">false</annotated>
      <axes nil="true"/>
      <bits-per-component type="integer">8</bits-per-component>
      <data-set-id type="integer">1056</data-set-id>
      <expression-path>/external/aibssan/production32/prod31/b.1056.5/b.1056.5_159_expression.aff</expression-path>
      <failed type="boolean">false</failed>
      <height type="integer">4980</height>
      <id type="integer">101322605</id>
      <image-height type="integer">4980</image-height>
      <image-type>Primary</image-type>
      <image-width type="integer">6480</image-width>
      <isi-experiment-id type="integer" nil="true"/>
      <lims1-id type="integer">69246</lims1-id>
      <number-of-components type="integer">3</number-of-components>
      <ophys-experiment-id type="integer" nil="true"/>
      <path>/external/aibssan/production4/Th_Baylor_8732/zoomify/primary/null/Th_159_null_D.aff</path>
      <projection-function nil="true"/>
      <resolution type="float">1.63</resolution>
      <section-number type="integer">159</section-number>
      <specimen-id type="integer" nil="true"/>
      <structure-id type="integer" nil="true"/>
      <tier-count type="integer">6</tier-count>
      <width type="integer">6480</width>
      <x type="integer">0</x>
      <y type="integer">0</y>
      <alignment2d>
        <id type="integer">348504453</id>
        <tvs>0.613227,-0.0181864,0.0181864,0.613227,-715.094,-1132.37</tvs>
        <tsv>1.62928,0.0483193,-0.0483193,1.62928,1219.81,1810.41</tsv>
      </alignment2d>
    </section-image>
    <section-image>
      <annotated type="boolean">false</annotated>
      <axes nil="true"/>
      <bits-per-component type="integer">8</bits-per-component>
      <data-set-id type="integer">1056</data-set-id>
      <expression-path>/external/aibssan/production32/prod31/b.1056.6/b.1056.6_167_expression.aff</expression-path>
      <failed type="boolean">false</failed>
      <height type="integer">5000</height>
      <id type="integer">101322609</id>
      <image-height type="integer">5000</image-height>
      <image-type>Primary</image-type>
      <image-width type="integer">6480</image-width>
      <isi-experiment-id type="integer" nil="true"/>
      <lims1-id type="integer">69247</lims1-id>
      <number-of-components type="integer">3</number-of-components>
      <ophys-experiment-id type="integer" nil="true"/>
      <path>/external/aibssan/production4/Th_Baylor_8732/zoomify/primary/null/Th_167_null_A.aff</path>
      <projection-function nil="true"/>
      <resolution type="float">1.63</resolution>
      <section-number type="integer">167</section-number>
      <specimen-id type="integer" nil="true"/>
      <structure-id type="integer" nil="true"/>
      <tier-count type="integer">6</tier-count>
      <width type="integer">6480</width>
      <x type="integer">0</x>
      <y type="integer">0</y>
      <alignment2d>
        <id type="integer">348504455</id>
        <tvs>0.613355,-0.0132127,0.0132127,0.613355,-620.006,-1130.99</tvs>
        <tsv>1.62962,0.0351048,-0.0351048,1.62962,1050.08,1821.32</tsv>
      </alignment2d>
    </section-image>
    <section-image>
      <annotated type="boolean">false</annotated>
      <axes nil="true"/>
      <bits-per-component type="integer">8</bits-per-component>
      <data-set-id type="integer">1056</data-set-id>
      <expression-path>/external/aibssan/production32/prod31/b.1056.6/b.1056.6_175_expression.aff</expression-path>
      <failed type="boolean">false</failed>
      <height type="integer">5040</height>
      <id type="integer">101322613</id>
      <image-height type="integer">5040</image-height>
      <image-type>Primary</image-type>
      <image-width type="integer">6480</image-width>
      <isi-experiment-id type="integer" nil="true"/>
      <lims1-id type="integer">69248</lims1-id>
      <number-of-components type="integer">3</number-of-components>
      <ophys-experiment-id type="integer" nil="true"/>
      <path>/external/aibssan/production4/Th_Baylor_8732/zoomify/primary/null/Th_175_null_B.aff</path>
      <projection-function nil="true"/>
      <resolution type="float">1.63</resolution>
      <section-number type="integer">175</section-number>
      <specimen-id type="integer" nil="true"/>
      <structure-id type="integer" nil="true"/>
      <tier-count type="integer">6</tier-count>
      <width type="integer">6480</width>
      <x type="integer">0</x>
      <y type="integer">0</y>
      <alignment2d>
        <id type="integer">348504459</id>
        <tvs>0.613346,-0.0136118,0.0136118,0.613346,-524.849,-955.951</tvs>
        <tsv>1.6296,0.0361652,-0.0361652,1.6296,889.865,1538.84</tsv>
      </alignment2d>
    </section-image>
    <section-image>
      <annotated type="boolean">false</annotated>
      <axes nil="true"/>
      <bits-per-component type="integer">8</bits-per-component>
      <data-set-id type="integer">1056</data-set-id>
      <expression-path>/external/aibssan/production32/prod31/b.1056.6/b.1056.6_183_expression.aff</expression-path>
      <failed type="boolean">false</failed>
      <height type="integer">4995</height>
      <id type="integer">101322617</id>
      <image-height type="integer">4995</image-height>
      <image-type>Primary</image-type>
      <image-width type="integer">6640</image-width>
      <isi-experiment-id type="integer" nil="true"/>
      <lims1-id type="integer">69249</lims1-id>
      <number-of-components type="integer">3</number-of-components>
      <ophys-experiment-id type="integer" nil="true"/>
      <path>/external/aibssan/production4/Th_Baylor_8732/zoomify/primary/null/Th_183_null_C.aff</path>
      <projection-function nil="true"/>
      <resolution type="float">1.63</resolution>
      <section-number type="integer">183</section-number>
      <specimen-id type="integer" nil="true"/>
      <structure-id type="integer" nil="true"/>
      <tier-count type="integer">6</tier-count>
      <width type="integer">6640</width>
      <x type="integer">0</x>
      <y type="integer">0</y>
      <alignment2d>
        <id type="integer">348504463</id>
        <tvs>0.613351,-0.0134017,0.0134017,0.613351,-505.136,-1098.2</tvs>
        <tsv>1.62961,0.035607,-0.035607,1.62961,862.279,1771.65</tsv>
      </alignment2d>
    </section-image>
    <section-image>
      <annotated type="boolean">false</annotated>
      <axes nil="true"/>
      <bits-per-component type="integer">8</bits-per-component>
      <data-set-id type="integer">1056</data-set-id>
      <expression-path>/external/aibssan/production32/prod31/b.1056.6/b.1056.6_191_expression.aff</expression-path>
      <failed type="boolean">false</failed>
      <height type="integer">4300</height>
      <id type="integer">101322621</id>
      <image-height type="integer">4300</image-height>
      <image-type>Primary</image-type>
      <image-width type="integer">6480</image-width>
      <isi-experiment-id type="integer" nil="true"/>
      <lims1-id type="integer">69250</lims1-id>
      <number-of-components type="integer">3</number-of-components>
      <ophys-experiment-id type="integer" nil="true"/>
      <path>/external/aibssan/production4/Th_Baylor_8732/zoomify/primary/null/Th_191_null_D.aff</path>
      <projection-function nil="true"/>
      <resolution type="float">1.63</resolution>
      <section-number type="integer">191</section-number>
      <specimen-id type="integer" nil="true"/>
      <structure-id type="integer" nil="true"/>
      <tier-count type="integer">6</tier-count>
      <width type="integer">6480</width>
      <x type="integer">0</x>
      <y type="integer">0</y>
      <alignment2d>
        <id type="integer">348504465</id>
        <tvs>0.613294,-0.0157766,0.0157766,0.613294,-543.462,-1509.21</tvs>
        <tsv>1.62946,0.0419168,-0.0419168,1.62946,948.812,2436.41</tsv>
      </alignment2d>
    </section-image>
    <section-image>
      <annotated type="boolean">false</annotated>
      <axes nil="true"/>
      <bits-per-component type="integer">8</bits-per-component>
      <data-set-id type="integer">1056</data-set-id>
      <expression-path>/external/aibssan/production32/prod31/b.1056.7/b.1056.7_199_expression.aff</expression-path>
      <failed type="boolean">false</failed>
      <height type="integer">5055</height>
      <id type="integer">101322625</id>
      <image-height type="integer">5055</image-height>
      <image-type>Primary</image-type>
      <image-width type="integer">6760</image-width>
      <isi-experiment-id type="integer" nil="true"/>
      <lims1-id type="integer">69251</lims1-id>
      <number-of-components type="integer">3</number-of-components>
      <ophys-experiment-id type="integer" nil="true"/>
      <path>/external/aibssan/production4/Th_Baylor_8732/zoomify/primary/null/Th_199_null_A.aff</path>
      <projection-function nil="true"/>
      <resolution type="float">1.63</resolution>
      <section-number type="integer">199</section-number>
      <specimen-id type="integer" nil="true"/>
      <structure-id type="integer" nil="true"/>
      <tier-count type="integer">6</tier-count>
      <width type="integer">6760</width>
      <x type="integer">0</x>
      <y type="integer">0</y>
      <alignment2d>
        <id type="integer">348504467</id>
        <tvs>0.613408,-0.0104441,0.0104441,0.613408,-510.021,-1201.9</tvs>
        <tsv>1.62976,0.027749,-0.027749,1.62976,864.565,1944.66</tsv>
      </alignment2d>
    </section-image>
    <section-image>
      <annotated type="boolean">false</annotated>
      <axes nil="true"/>
      <bits-per-component type="integer">8</bits-per-component>
      <data-set-id type="integer">1056</data-set-id>
      <expression-path>/external/aibssan/production32/prod31/b.1056.7/b.1056.7_207_expression.aff</expression-path>
      <failed type="boolean">false</failed>
      <height type="integer">4780</height>
      <id type="integer">101322629</id>
      <image-height type="integer">4780</image-height>
      <image-type>Primary</image-type>
      <image-width type="integer">6520</image-width>
      <isi-experiment-id type="integer" nil="true"/>
      <lims1-id type="integer">69252</lims1-id>
      <number-of-components type="integer">3</number-of-components>
      <ophys-experiment-id type="integer" nil="true"/>
      <path>/external/aibssan/production4/Th_Baylor_8732/zoomify/primary/null/Th_207_null_B.aff</path>
      <projection-function nil="true"/>
      <resolution type="float">1.63</resolution>
      <section-number type="integer">207</section-number>
      <specimen-id type="integer" nil="true"/>
      <structure-id type="integer" nil="true"/>
      <tier-count type="integer">6</tier-count>
      <width type="integer">6520</width>
      <x type="integer">0</x>
      <y type="integer">0</y>
      <alignment2d>
        <id type="integer">348504469</id>
        <tvs>0.613459,-0.00681608,0.00681608,0.613459,-587.019,-1254.26</tvs>
        <tsv>1.6299,0.0181096,-0.0181096,1.6299,979.496,2033.69</tsv>
      </alignment2d>
    </section-image>
    <section-image>
      <annotated type="boolean">false</annotated>
      <axes nil="true"/>
      <bits-per-component type="integer">8</bits-per-component>
      <data-set-id type="integer">1056</data-set-id>
      <expression-path>/external/aibssan/production32/prod31/b.1056.7/b.1056.7_215_expression.aff</expression-path>
      <failed type="boolean">false</failed>
      <height type="integer">4960</height>
      <id type="integer">101322633</id>
      <image-height type="integer">4960</image-height>
      <image-type>Primary</image-type>
      <image-width type="integer">6440</image-width>
      <isi-experiment-id type="integer" nil="true"/>
      <lims1-id type="integer">69253</lims1-id>
      <number-of-components type="integer">3</number-of-components>
      <ophys-experiment-id type="integer" nil="true"/>
      <path>/external/aibssan/production4/Th_Baylor_8732/zoomify/primary/null/Th_215_null_C.aff</path>
      <projection-function nil="true"/>
      <resolution type="float">1.63</resolution>
      <section-number type="integer">215</section-number>
      <specimen-id type="integer" nil="true"/>
      <structure-id type="integer" nil="true"/>
      <tier-count type="integer">6</tier-count>
      <width type="integer">6440</width>
      <x type="integer">0</x>
      <y type="integer">0</y>
      <alignment2d>
        <id type="integer">348504471</id>
        <tvs>0.613076,-0.0227206,0.0227206,0.613076,-543.767,-1272.86</tvs>
        <tsv>1.62888,0.0603664,-0.0603664,1.62888,962.57,2040.52</tsv>
      </alignment2d>
    </section-image>
    <section-image>
      <annotated type="boolean">false</annotated>
      <axes nil="true"/>
      <bits-per-component type="integer">8</bits-per-component>
      <data-set-id type="integer">1056</data-set-id>
      <expression-path>/external/aibssan/production32/prod31/b.1056.7/b.1056.7_223_expression.aff</expression-path>
      <failed type="boolean">false</failed>
      <height type="integer">5100</height>
      <id type="integer">101322637</id>
      <image-height type="integer">5100</image-height>
      <image-type>Primary</image-type>
      <image-width type="integer">6420</image-width>
      <isi-experiment-id type="integer" nil="true"/>
      <lims1-id type="integer">69254</lims1-id>
      <number-of-components type="integer">3</number-of-components>
      <ophys-experiment-id type="integer" nil="true"/>
      <path>/external/aibssan/production4/Th_Baylor_8732/zoomify/primary/null/Th_223_null_D.aff</path>
      <projection-function nil="true"/>
      <resolution type="float">1.63</resolution>
      <section-number type="integer">223</section-number>
      <specimen-id type="integer" nil="true"/>
      <structure-id type="integer" nil="true"/>
      <tier-count type="integer">6</tier-count>
      <width type="integer">6420</width>
      <x type="integer">0</x>
      <y type="integer">0</y>
      <alignment2d>
        <id type="integer">348504474</id>
        <tvs>0.613346,-0.0136199,0.0136199,0.613346,-620.992,-1319.98</tvs>
        <tsv>1.6296,0.0361866,-0.0361866,1.6296,1059.73,2128.57</tsv>
      </alignment2d>
    </section-image>
    <section-image>
      <annotated type="boolean">false</annotated>
      <axes nil="true"/>
      <bits-per-component type="integer">8</bits-per-component>
      <data-set-id type="integer">1056</data-set-id>
      <expression-path>/external/aibssan/production32/prod31/b.1056.8/b.1056.8_231_expression.aff</expression-path>
      <failed type="boolean">false</failed>
      <height type="integer">4920</height>
      <id type="integer">101322641</id>
      <image-height type="integer">4920</image-height>
      <image-type>Primary</image-type>
      <image-width type="integer">6360</image-width>
      <isi-experiment-id type="integer" nil="true"/>
      <lims1-id type="integer">69255</lims1-id>
      <number-of-components type="integer">3</number-of-components>
      <ophys-experiment-id type="integer" nil="true"/>
      <path>/external/aibssan/production4/Th_Baylor_8732/zoomify/primary/null/Th_231_null_A.aff</path>
      <projection-function nil="true"/>
      <resolution type="float">1.63</resolution>
      <section-number type="integer">231</section-number>
      <specimen-id type="integer" nil="true"/>
      <structure-id type="integer" nil="true"/>
      <tier-count type="integer">6</tier-count>
      <width type="integer">6360</width>
      <x type="integer">0</x>
      <y type="integer">0</y>
      <alignment2d>
        <id type="integer">348504476</id>
        <tvs>0.613238,-0.0178147,0.0178147,0.613238,-657.367,-1326.2</tvs>
        <tsv>1.62931,0.0473319,-0.0473319,1.62931,1133.83,2129.68</tsv>
      </alignment2d>
    </section-image>
    <section-image>
      <annotated type="boolean">false</annotated>
      <axes nil="true"/>
      <bits-per-component type="integer">8</bits-per-component>
      <data-set-id type="integer">1056</data-set-id>
      <expression-path>/external/aibssan/production32/prod31/b.1056.8/b.1056.8_239_expression.aff</expression-path>
      <failed type="boolean">false</failed>
      <height type="integer">4840</height>
      <id type="integer">101322645</id>
      <image-height type="integer">4840</image-height>
      <image-type>Primary</image-type>
      <image-width type="integer">6340</image-width>
      <isi-experiment-id type="integer" nil="true"/>
      <lims1-id type="integer">69256</lims1-id>
      <number-of-components type="integer">3</number-of-components>
      <ophys-experiment-id type="integer" nil="true"/>
      <path>/external/aibssan/production4/Th_Baylor_8732/zoomify/primary/null/Th_239_null_B.aff</path>
      <projection-function nil="true"/>
      <resolution type="float">1.63</resolution>
      <section-number type="integer">239</section-number>
      <specimen-id type="integer" nil="true"/>
      <structure-id type="integer" nil="true"/>
      <tier-count type="integer">6</tier-count>
      <width type="integer">6340</width>
      <x type="integer">0</x>
      <y type="integer">0</y>
      <alignment2d>
        <id type="integer">348504478</id>
        <tvs>0.613262,-0.016959,0.016959,0.613262,-724.403,-1320.12</tvs>
        <tsv>1.62938,0.0450584,-0.0450584,1.62938,1239.81,2118.33</tsv>
      </alignment2d>
    </section-image>
    <section-image>
      <annotated type="boolean">false</annotated>
      <axes nil="true"/>
      <bits-per-component type="integer">8</bits-per-component>
      <data-set-id type="integer">1056</data-set-id>
      <expression-path>/external/aibssan/production32/prod31/b.1056.8/b.1056.8_247_expression.aff</expression-path>
      <failed type="boolean">false</failed>
      <height type="integer">5080</height>
      <id type="integer">101322649</id>
      <image-height type="integer">5080</image-height>
      <image-type>Primary</image-type>
      <image-width type="integer">6360</image-width>
      <isi-experiment-id type="integer" nil="true"/>
      <lims1-id type="integer">69257</lims1-id>
      <number-of-components type="integer">3</number-of-components>
      <ophys-experiment-id type="integer" nil="true"/>
      <path>/external/aibssan/production4/Th_Baylor_8732/zoomify/primary/null/Th_247_null_C.aff</path>
      <projection-function nil="true"/>
      <resolution type="float">1.63</resolution>
      <section-number type="integer">247</section-number>
      <specimen-id type="integer" nil="true"/>
      <structure-id type="integer" nil="true"/>
      <tier-count type="integer">6</tier-count>
      <width type="integer">6360</width>
      <x type="integer">0</x>
      <y type="integer">0</y>
      <alignment2d>
        <id type="integer">348504480</id>
        <tvs>0.613318,-0.0148189,0.0148189,0.613318,-644.356,-1261.6</tvs>
        <tsv>1.62952,0.0393723,-0.0393723,1.62952,1099.67,2030.43</tsv>
      </alignment2d>
    </section-image>
    <section-image>
      <annotated type="boolean">false</annotated>
      <axes nil="true"/>
      <bits-per-component type="integer">8</bits-per-component>
      <data-set-id type="integer">1056</data-set-id>
      <expression-path>/external/aibssan/production32/prod31/b.1056.8/b.1056.8_255_expression.aff</expression-path>
      <failed type="boolean">false</failed>
      <height type="integer">4790</height>
      <id type="integer">101322653</id>
      <image-height type="integer">4790</image-height>
      <image-type>Primary</image-type>
      <image-width type="integer">6240</image-width>
      <isi-experiment-id type="integer" nil="true"/>
      <lims1-id type="integer">69258</lims1-id>
      <number-of-components type="integer">3</number-of-components>
      <ophys-experiment-id type="integer" nil="true"/>
      <path>/external/aibssan/production4/Th_Baylor_8732/zoomify/primary/null/Th_255_null_D.aff</path>
      <projection-function nil="true"/>
      <resolution type="float">1.63</resolution>
      <section-number type="integer">255</section-number>
      <specimen-id type="integer" nil="true"/>
      <structure-id type="integer" nil="true"/>
      <tier-count type="integer">6</tier-count>
      <width type="integer">6240</width>
      <x type="integer">0</x>
      <y type="integer">0</y>
      <alignment2d>
        <id type="integer">348504482</id>
        <tvs>0.61336,-0.0129563,0.0129563,0.61336,-716.024,-1394.7</tvs>
        <tsv>1.62964,0.0344236,-0.0344236,1.62964,1214.87,2248.21</tsv>
      </alignment2d>
    </section-image>
    <section-image>
      <annotated type="boolean">false</annotated>
      <axes nil="true"/>
      <bits-per-component type="integer">8</bits-per-component>
      <data-set-id type="integer">1056</data-set-id>
      <expression-path>/external/aibssan/production32/prod31/b.1056.9/b.1056.9_263_expression.aff</expression-path>
      <failed type="boolean">false</failed>
      <height type="integer">5095</height>
      <id type="integer">101322657</id>
      <image-height type="integer">5095</image-height>
      <image-type>Primary</image-type>
      <image-width type="integer">6480</image-width>
      <isi-experiment-id type="integer" nil="true"/>
      <lims1-id type="integer">69259</lims1-id>
      <number-of-components type="integer">3</number-of-components>
      <ophys-experiment-id type="integer" nil="true"/>
      <path>/external/aibssan/production4/Th_Baylor_8732/zoomify/primary/null/Th_263_null_A.aff</path>
      <projection-function nil="true"/>
      <resolution type="float">1.63</resolution>
      <section-number type="integer">263</section-number>
      <specimen-id type="integer" nil="true"/>
      <structure-id type="integer" nil="true"/>
      <tier-count type="integer">6</tier-count>
      <width type="integer">6480</width>
      <x type="integer">0</x>
      <y type="integer">0</y>
      <alignment2d>
        <id type="integer">348504484</id>
        <tvs>0.613297,-0.0156549,0.0156549,0.613297,-545.181,-1384.96</tvs>
        <tsv>1.62947,0.0415935,-0.0415935,1.62947,945.96,2234.08</tsv>
      </alignment2d>
    </section-image>
    <section-image>
      <annotated type="boolean">false</annotated>
      <axes nil="true"/>
      <bits-per-component type="integer">8</bits-per-component>
      <data-set-id type="integer">1056</data-set-id>
      <expression-path>/external/aibssan/production32/prod31/b.1056.9/b.1056.9_271_expression.aff</expression-path>
      <failed type="boolean">false</failed>
      <height type="integer">4900</height>
      <id type="integer">101322661</id>
      <image-height type="integer">4900</image-height>
      <image-type>Primary</image-type>
      <image-width type="integer">6160</image-width>
      <isi-experiment-id type="integer" nil="true"/>
      <lims1-id type="integer">69260</lims1-id>
      <number-of-components type="integer">3</number-of-components>
      <ophys-experiment-id type="integer" nil="true"/>
      <path>/external/aibssan/production4/Th_Baylor_8732/zoomify/primary/null/Th_271_null_B.aff</path>
      <projection-function nil="true"/>
      <resolution type="float">1.63</resolution>
      <section-number type="integer">271</section-number>
      <specimen-id type="integer" nil="true"/>
      <structure-id type="integer" nil="true"/>
      <tier-count type="integer">6</tier-count>
      <width type="integer">6160</width>
      <x type="integer">0</x>
      <y type="integer">0</y>
      <alignment2d>
        <id type="integer">348504487</id>
        <tvs>0.613313,-0.0150101,0.0150101,0.613313,-712.815,-1454.98</tvs>
        <tsv>1.62951,0.0398803,-0.0398803,1.62951,1219.57,2342.47</tsv>
      </alignment2d>
    </section-image>
    <section-image>
      <annotated type="boolean">false</annotated>
      <axes nil="true"/>
      <bits-per-component type="integer">8</bits-per-component>
      <data-set-id type="integer">1056</data-set-id>
      <expression-path>/external/aibssan/production32/prod31/b.1056.9/b.1056.9_279_expression.aff</expression-path>
      <failed type="boolean">false</failed>
      <height type="integer">4840</height>
      <id type="integer">101322665</id>
      <image-height type="integer">4840</image-height>
      <image-type>Primary</image-type>
      <image-width type="integer">6120</image-width>
      <isi-experiment-id type="integer" nil="true"/>
      <lims1-id type="integer">69261</lims1-id>
      <number-of-components type="integer">3</number-of-components>
      <ophys-experiment-id type="integer" nil="true"/>
      <path>/external/aibssan/production4/Th_Baylor_8732/zoomify/primary/null/Th_279_null_C.aff</path>
      <projection-function nil="true"/>
      <resolution type="float">1.63</resolution>
      <section-number type="integer">279</section-number>
      <specimen-id type="integer" nil="true"/>
      <structure-id type="integer" nil="true"/>
      <tier-count type="integer">6</tier-count>
      <width type="integer">6120</width>
      <x type="integer">0</x>
      <y type="integer">0</y>
      <alignment2d>
        <id type="integer">348504489</id>
        <tvs>0.613369,-0.0125092,0.0125092,0.613369,-792.466,-1379.59</tvs>
        <tsv>1.62966,0.0332356,-0.0332356,1.62966,1337.3,2221.93</tsv>
      </alignment2d>
    </section-image>
    <section-image>
      <annotated type="boolean">false</annotated>
      <axes nil="true"/>
      <bits-per-component type="integer">8</bits-per-component>
      <data-set-id type="integer">1056</data-set-id>
      <expression-path>/external/aibssan/production32/prod31/b.1056.10/b.1056.10_295_expression.aff</expression-path>
      <failed type="boolean">false</failed>
      <height type="integer">4955</height>
      <id type="integer">101322673</id>
      <image-height type="integer">4955</image-height>
      <image-type>Primary</image-type>
      <image-width type="integer">6120</image-width>
      <isi-experiment-id type="integer" nil="true"/>
      <lims1-id type="integer">69263</lims1-id>
      <number-of-components type="integer">3</number-of-components>
      <ophys-experiment-id type="integer" nil="true"/>
      <path>/external/aibssan/production4/Th_Baylor_8732/zoomify/primary/null/Th_295_null_A.aff</path>
      <projection-function nil="true"/>
      <resolution type="float">1.63</resolution>
      <section-number type="integer">295</section-number>
      <specimen-id type="integer" nil="true"/>
      <structure-id type="integer" nil="true"/>
      <tier-count type="integer">6</tier-count>
      <width type="integer">6120</width>
      <x type="integer">0</x>
      <y type="integer">0</y>
      <alignment2d>
        <id type="integer">348504494</id>
        <tvs>0.613177,-0.0198168,0.0198168,0.613177,-800.253,-1357.29</tvs>
        <tsv>1.62915,0.0526512,-0.0526512,1.62915,1375.19,2169.09</tsv>
      </alignment2d>
    </section-image>
    <section-image>
      <annotated type="boolean">false</annotated>
      <axes nil="true"/>
      <bits-per-component type="integer">8</bits-per-component>
      <data-set-id type="integer">1056</data-set-id>
      <expression-path>/external/aibssan/production32/prod31/b.1056.10/b.1056.10_303_expression.aff</expression-path>
      <failed type="boolean">false</failed>
      <height type="integer">4596</height>
      <id type="integer">101322677</id>
      <image-height type="integer">4596</image-height>
      <image-type>Primary</image-type>
      <image-width type="integer">5780</image-width>
      <isi-experiment-id type="integer" nil="true"/>
      <lims1-id type="integer">69264</lims1-id>
      <number-of-components type="integer">3</number-of-components>
      <ophys-experiment-id type="integer" nil="true"/>
      <path>/external/aibssan/production4/Th_Baylor_8732/zoomify/primary/null/Th_303_null_B.aff</path>
      <projection-function nil="true"/>
      <resolution type="float">1.63</resolution>
      <section-number type="integer">303</section-number>
      <specimen-id type="integer" nil="true"/>
      <structure-id type="integer" nil="true"/>
      <tier-count type="integer">6</tier-count>
      <width type="integer">5780</width>
      <x type="integer">0</x>
      <y type="integer">0</y>
      <alignment2d>
        <id type="integer">348504501</id>
        <tvs>0.613223,-0.0183152,0.0183152,0.613223,-900.133,-1408.13</tvs>
        <tsv>1.62927,0.0486616,-0.0486616,1.62927,1535.08,2250.43</tsv>
      </alignment2d>
    </section-image>
    <section-image>
      <annotated type="boolean">false</annotated>
      <axes nil="true"/>
      <bits-per-component type="integer">8</bits-per-component>
      <data-set-id type="integer">1056</data-set-id>
      <expression-path>/external/aibssan/production32/prod31/b.1056.10/b.1056.10_311_expression.aff</expression-path>
      <failed type="boolean">false</failed>
      <height type="integer">4420</height>
      <id type="integer">101322681</id>
      <image-height type="integer">4420</image-height>
      <image-type>Primary</image-type>
      <image-width type="integer">5560</image-width>
      <isi-experiment-id type="integer" nil="true"/>
      <lims1-id type="integer">69265</lims1-id>
      <number-of-components type="integer">3</number-of-components>
      <ophys-experiment-id type="integer" nil="true"/>
      <path>/external/aibssan/production4/Th_Baylor_8732/zoomify/primary/null/Th_311_null_C.aff</path>
      <projection-function nil="true"/>
      <resolution type="float">1.63</resolution>
      <section-number type="integer">311</section-number>
      <specimen-id type="integer" nil="true"/>
      <structure-id type="integer" nil="true"/>
      <tier-count type="integer">6</tier-count>
      <width type="integer">5560</width>
      <x type="integer">0</x>
      <y type="integer">0</y>
      <alignment2d>
        <id type="integer">348504508</id>
        <tvs>0.613372,-0.0124015,0.0124015,0.613372,-1050.21,-1544.77</tvs>
        <tsv>1.62967,0.0329495,-0.0329495,1.62967,1762.39,2482.85</tsv>
      </alignment2d>
    </section-image>
    <section-image>
      <annotated type="boolean">false</annotated>
      <axes nil="true"/>
      <bits-per-component type="integer">8</bits-per-component>
      <data-set-id type="integer">1056</data-set-id>
      <expression-path>/external/aibssan/production32/prod31/b.1056.10/b.1056.10_319_expression.aff</expression-path>
      <failed type="boolean">false</failed>
      <height type="integer">4675</height>
      <id type="integer">101322685</id>
      <image-height type="integer">4675</image-height>
      <image-type>Primary</image-type>
      <image-width type="integer">5620</image-width>
      <isi-experiment-id type="integer" nil="true"/>
      <lims1-id type="integer">69266</lims1-id>
      <number-of-components type="integer">3</number-of-components>
      <ophys-experiment-id type="integer" nil="true"/>
      <path>/external/aibssan/production4/Th_Baylor_8732/zoomify/primary/null/Th_319_null_D.aff</path>
      <projection-function nil="true"/>
      <resolution type="float">1.63</resolution>
      <section-number type="integer">319</section-number>
      <specimen-id type="integer" nil="true"/>
      <structure-id type="integer" nil="true"/>
      <tier-count type="integer">6</tier-count>
      <width type="integer">5620</width>
      <x type="integer">0</x>
      <y type="integer">0</y>
      <alignment2d>
        <id type="integer">348504511</id>
        <tvs>0.613325,-0.0145132,0.0145132,0.613325,-1024.86,-1539.1</tvs>
        <tsv>1.62954,0.03856,-0.03856,1.62954,1729.4,2468.52</tsv>
      </alignment2d>
    </section-image>
    <section-image>
      <annotated type="boolean">false</annotated>
      <axes nil="true"/>
      <bits-per-component type="integer">8</bits-per-component>
      <data-set-id type="integer">1056</data-set-id>
      <expression-path>/external/aibssan/production32/prod31/b.1056.11/b.1056.11_327_expression.aff</expression-path>
      <failed type="boolean">false</failed>
      <height type="integer">4595</height>
      <id type="integer">101322689</id>
      <image-height type="integer">4595</image-height>
      <image-type>Primary</image-type>
      <image-width type="integer">5620</image-width>
      <isi-experiment-id type="integer" nil="true"/>
      <lims1-id type="integer">69267</lims1-id>
      <number-of-components type="integer">3</number-of-components>
      <ophys-experiment-id type="integer" nil="true"/>
      <path>/external/aibssan/production4/Th_Baylor_8732/zoomify/primary/null/Th_327_null_A.aff</path>
      <projection-function nil="true"/>
      <resolution type="float">1.63</resolution>
      <section-number type="integer">327</section-number>
      <specimen-id type="integer" nil="true"/>
      <structure-id type="integer" nil="true"/>
      <tier-count type="integer">6</tier-count>
      <width type="integer">5620</width>
      <x type="integer">0</x>
      <y type="integer">0</y>
      <alignment2d>
        <id type="integer">348504513</id>
        <tvs>0.613321,-0.014711,0.014711,0.613321,-1120.25,-1494.23</tvs>
        <tsv>1.62953,0.0390857,-0.0390857,1.62953,1883.89,2391.1</tsv>
      </alignment2d>
    </section-image>
    <section-image>
      <annotated type="boolean">false</annotated>
      <axes nil="true"/>
      <bits-per-component type="integer">8</bits-per-component>
      <data-set-id type="integer">1056</data-set-id>
      <expression-path>/external/aibssan/production32/prod31/b.1056.11/b.1056.11_335_expression.aff</expression-path>
      <failed type="boolean">false</failed>
      <height type="integer">4140</height>
      <id type="integer">101322693</id>
      <image-height type="integer">4140</image-height>
      <image-type>Primary</image-type>
      <image-width type="integer">5100</image-width>
      <isi-experiment-id type="integer" nil="true"/>
      <lims1-id type="integer">69268</lims1-id>
      <number-of-components type="integer">3</number-of-components>
      <ophys-experiment-id type="integer" nil="true"/>
      <path>/external/aibssan/production4/Th_Baylor_8732/zoomify/primary/null/Th_335_null_B.aff</path>
      <projection-function nil="true"/>
      <resolution type="float">1.63</resolution>
      <section-number type="integer">335</section-number>
      <specimen-id type="integer" nil="true"/>
      <structure-id type="integer" nil="true"/>
      <tier-count type="integer">6</tier-count>
      <width type="integer">5100</width>
      <x type="integer">0</x>
      <y type="integer">0</y>
      <alignment2d>
        <id type="integer">348504515</id>
        <tvs>0.61315,-0.0206161,0.0206161,0.61315,-1350.29,-1740.32</tvs>
        <tsv>1.62908,0.0547749,-0.0547749,1.62908,2295.05,2761.17</tsv>
      </alignment2d>
    </section-image>
    <section-image>
      <annotated type="boolean">false</annotated>
      <axes nil="true"/>
      <bits-per-component type="integer">8</bits-per-component>
      <data-set-id type="integer">1056</data-set-id>
      <expression-path>/external/aibssan/production32/prod31/b.1056.11/b.1056.11_343_expression.aff</expression-path>
      <failed type="boolean">false</failed>
      <height type="integer">4376</height>
      <id type="integer">101322697</id>
      <image-height type="integer">4376</image-height>
      <image-type>Primary</image-type>
      <image-width type="integer">5160</image-width>
      <isi-experiment-id type="integer" nil="true"/>
      <lims1-id type="integer">69269</lims1-id>
      <number-of-components type="integer">3</number-of-components>
      <ophys-experiment-id type="integer" nil="true"/>
      <path>/external/aibssan/production4/Th_Baylor_8732/zoomify/primary/null/Th_343_null_C.aff</path>
      <projection-function nil="true"/>
      <resolution type="float">1.63</resolution>
      <section-number type="integer">343</section-number>
      <specimen-id type="integer" nil="true"/>
      <structure-id type="integer" nil="true"/>
      <tier-count type="integer">6</tier-count>
      <width type="integer">5160</width>
      <x type="integer">0</x>
      <y type="integer">0</y>
      <alignment2d>
        <id type="integer">348504518</id>
        <tvs>0.613246,-0.0175615,0.0175615,0.613246,-1224.64,-1607.77</tvs>
        <tsv>1.62933,0.0466592,-0.0466592,1.62933,2070.37,2562.45</tsv>
      </alignment2d>
    </section-image>
    <section-image>
      <annotated type="boolean">false</annotated>
      <axes nil="true"/>
      <bits-per-component type="integer">8</bits-per-component>
      <data-set-id type="integer">1056</data-set-id>
      <expression-path>/external/aibssan/production32/prod31/b.1056.11/b.1056.11_351_expression.aff</expression-path>
      <failed type="boolean">false</failed>
      <height type="integer">4495</height>
      <id type="integer">101322701</id>
      <image-height type="integer">4495</image-height>
      <image-type>Primary</image-type>
      <image-width type="integer">5080</image-width>
      <isi-experiment-id type="integer" nil="true"/>
      <lims1-id type="integer">69270</lims1-id>
      <number-of-components type="integer">3</number-of-components>
      <ophys-experiment-id type="integer" nil="true"/>
      <path>/external/aibssan/production4/Th_Baylor_8732/zoomify/primary/null/Th_351_null_D.aff</path>
      <projection-function nil="true"/>
      <resolution type="float">1.63</resolution>
      <section-number type="integer">351</section-number>
      <specimen-id type="integer" nil="true"/>
      <structure-id type="integer" nil="true"/>
      <tier-count type="integer">6</tier-count>
      <width type="integer">5080</width>
      <x type="integer">0</x>
      <y type="integer">0</y>
      <alignment2d>
        <id type="integer">348504520</id>
        <tvs>0.613434,-0.00879045,0.00879045,0.613434,-1315.17,-1453.03</tvs>
        <tsv>1.62983,0.0233554,-0.0233554,1.62983,2177.43,2337.48</tsv>
      </alignment2d>
    </section-image>
    <section-image>
      <annotated type="boolean">false</annotated>
      <axes nil="true"/>
      <bits-per-component type="integer">8</bits-per-component>
      <data-set-id type="integer">1056</data-set-id>
      <expression-path>/external/aibssan/production32/prod31/b.1056.12/b.1056.12_359_expression.aff</expression-path>
      <failed type="boolean">false</failed>
      <height type="integer">4140</height>
      <id type="integer">101322705</id>
      <image-height type="integer">4140</image-height>
      <image-type>Primary</image-type>
      <image-width type="integer">4760</image-width>
      <isi-experiment-id type="integer" nil="true"/>
      <lims1-id type="integer">69271</lims1-id>
      <number-of-components type="integer">3</number-of-components>
      <ophys-experiment-id type="integer" nil="true"/>
      <path>/external/aibssan/production4/Th_Baylor_8732/zoomify/primary/null/Th_359_null_A.aff</path>
      <projection-function nil="true"/>
      <resolution type="float">1.63</resolution>
      <section-number type="integer">359</section-number>
      <specimen-id type="integer" nil="true"/>
      <structure-id type="integer" nil="true"/>
      <tier-count type="integer">6</tier-count>
      <width type="integer">4760</width>
      <x type="integer">0</x>
      <y type="integer">0</y>
      <alignment2d>
        <id type="integer">348504527</id>
        <tvs>0.6133,-0.0155413,0.0155413,0.6133,-1473.14,-1685.57</tvs>
        <tsv>1.62948,0.0412918,-0.0412918,1.62948,2470.06,2685.76</tsv>
      </alignment2d>
    </section-image>
    <section-image>
      <annotated type="boolean">false</annotated>
      <axes nil="true"/>
      <bits-per-component type="integer">8</bits-per-component>
      <data-set-id type="integer">1056</data-set-id>
      <expression-path>/external/aibssan/production32/prod31/b.1056.12/b.1056.12_367_expression.aff</expression-path>
      <failed type="boolean">false</failed>
      <height type="integer">3520</height>
      <id type="integer">101322709</id>
      <image-height type="integer">3520</image-height>
      <image-type>Primary</image-type>
      <image-width type="integer">4540</image-width>
      <isi-experiment-id type="integer" nil="true"/>
      <lims1-id type="integer">69272</lims1-id>
      <number-of-components type="integer">3</number-of-components>
      <ophys-experiment-id type="integer" nil="true"/>
      <path>/external/aibssan/production4/Th_Baylor_8732/zoomify/primary/null/Th_367_null_B.aff</path>
      <projection-function nil="true"/>
      <resolution type="float">1.63</resolution>
      <section-number type="integer">367</section-number>
      <specimen-id type="integer" nil="true"/>
      <structure-id type="integer" nil="true"/>
      <tier-count type="integer">6</tier-count>
      <width type="integer">4540</width>
      <x type="integer">0</x>
      <y type="integer">0</y>
      <alignment2d>
        <id type="integer">348504534</id>
        <tvs>0.613399,-0.0109558,0.0109558,0.613399,-1607.14,-2085.16</tvs>
        <tsv>1.62974,0.0291084,-0.0291084,1.62974,2679.92,3351.49</tsv>
      </alignment2d>
    </section-image>
    <section-image>
      <annotated type="boolean">false</annotated>
      <axes nil="true"/>
      <bits-per-component type="integer">8</bits-per-component>
      <data-set-id type="integer">1056</data-set-id>
      <expression-path>/external/aibssan/production32/prod31/b.1056.12/b.1056.12_375_expression.aff</expression-path>
      <failed type="boolean">false</failed>
      <height type="integer">3740</height>
      <id type="integer">101322713</id>
      <image-height type="integer">3740</image-height>
      <image-type>Primary</image-type>
      <image-width type="integer">4340</image-width>
      <isi-experiment-id type="integer" nil="true"/>
      <lims1-id type="integer">69273</lims1-id>
      <number-of-components type="integer">3</number-of-components>
      <ophys-experiment-id type="integer" nil="true"/>
      <path>/external/aibssan/production4/Th_Baylor_8732/zoomify/primary/null/Th_375_null_C.aff</path>
      <projection-function nil="true"/>
      <resolution type="float">1.63</resolution>
      <section-number type="integer">375</section-number>
      <specimen-id type="integer" nil="true"/>
      <structure-id type="integer" nil="true"/>
      <tier-count type="integer">6</tier-count>
      <width type="integer">4340</width>
      <x type="integer">0</x>
      <y type="integer">0</y>
      <alignment2d>
        <id type="integer">348504536</id>
        <tvs>0.613321,-0.0146824,0.0146824,0.613321,-1667.34,-1987.59</tvs>
        <tsv>1.62953,0.0390098,-0.0390098,1.62953,2794.52,3173.79</tsv>
      </alignment2d>
    </section-image>
    <section-image>
      <annotated type="boolean">false</annotated>
      <axes nil="true"/>
      <bits-per-component type="integer">8</bits-per-component>
      <data-set-id type="integer">1056</data-set-id>
      <expression-path>/external/aibssan/production32/prod31/b.1056.12/b.1056.12_383_expression.aff</expression-path>
      <failed type="boolean">false</failed>
      <height type="integer">3440</height>
      <id type="integer">101322717</id>
      <image-height type="integer">3440</image-height>
      <image-type>Primary</image-type>
      <image-width type="integer">4120</image-width>
      <isi-experiment-id type="integer" nil="true"/>
      <lims1-id type="integer">69274</lims1-id>
      <number-of-components type="integer">3</number-of-components>
      <ophys-experiment-id type="integer" nil="true"/>
      <path>/external/aibssan/production4/Th_Baylor_8732/zoomify/primary/null/Th_383_null_D.aff</path>
      <projection-function nil="true"/>
      <resolution type="float">1.63</resolution>
      <section-number type="integer">383</section-number>
      <specimen-id type="integer" nil="true"/>
      <structure-id type="integer" nil="true"/>
      <tier-count type="integer">6</tier-count>
      <width type="integer">4120</width>
      <x type="integer">0</x>
      <y type="integer">0</y>
      <alignment2d>
        <id type="integer">348504538</id>
        <tvs>0.613422,-0.0095833,0.0095833,0.613422,-1759.03,-2067.36</tvs>
        <tsv>1.6298,0.0254619,-0.0254619,1.6298,2919.52,3324.59</tsv>
      </alignment2d>
    </section-image>
    <section-image>
      <annotated type="boolean">false</annotated>
      <axes nil="true"/>
      <bits-per-component type="integer">8</bits-per-component>
      <data-set-id type="integer">1056</data-set-id>
      <expression-path>/external/aibssan/production32/prod31/b.1056.13/b.1056.13_391_expression.aff</expression-path>
      <failed type="boolean">false</failed>
      <height type="integer">3697</height>
      <id type="integer">101322721</id>
      <image-height type="integer">3697</image-height>
      <image-type>Primary</image-type>
      <image-width type="integer">3900</image-width>
      <isi-experiment-id type="integer" nil="true"/>
      <lims1-id type="integer">69275</lims1-id>
      <number-of-components type="integer">3</number-of-components>
      <ophys-experiment-id type="integer" nil="true"/>
      <path>/external/aibssan/production4/Th_Baylor_8732/zoomify/primary/null/Th_391_null_A.aff</path>
      <projection-function nil="true"/>
      <resolution type="float">1.63</resolution>
      <section-number type="integer">391</section-number>
      <specimen-id type="integer" nil="true"/>
      <structure-id type="integer" nil="true"/>
      <tier-count type="integer">5</tier-count>
      <width type="integer">3900</width>
      <x type="integer">0</x>
      <y type="integer">0</y>
      <alignment2d>
        <id type="integer">348504540</id>
        <tvs>0.613227,-0.0181885,0.0181885,0.613227,-2420.83,-1482.26</tvs>
        <tsv>1.62928,0.048325,-0.048325,1.62928,4015.85,2298.04</tsv>
      </alignment2d>
    </section-image>
    <section-image>
      <annotated type="boolean">false</annotated>
      <axes nil="true"/>
      <bits-per-component type="integer">8</bits-per-component>
      <data-set-id type="integer">1056</data-set-id>
      <expression-path>/external/aibssan/production32/prod31/b.1056.13/b.1056.13_399_expression.aff</expression-path>
      <failed type="boolean">false</failed>
      <height type="integer">3137</height>
      <id type="integer">101322725</id>
      <image-height type="integer">3137</image-height>
      <image-type>Primary</image-type>
      <image-width type="integer">3820</image-width>
      <isi-experiment-id type="integer" nil="true"/>
      <lims1-id type="integer">69276</lims1-id>
      <number-of-components type="integer">3</number-of-components>
      <ophys-experiment-id type="integer" nil="true"/>
      <path>/external/aibssan/production4/Th_Baylor_8732/zoomify/primary/null/Th_399_null_B.aff</path>
      <projection-function nil="true"/>
      <resolution type="float">1.63</resolution>
      <section-number type="integer">399</section-number>
      <specimen-id type="integer" nil="true"/>
      <structure-id type="integer" nil="true"/>
      <tier-count type="integer">5</tier-count>
      <width type="integer">3820</width>
      <x type="integer">0</x>
      <y type="integer">0</y>
      <alignment2d>
        <id type="integer">348504542</id>
        <tvs>0.613378,-0.0120763,0.0120763,0.613378,-1976.15,-1630.4</tvs>
        <tsv>1.62968,0.0320856,-0.0320856,1.62968,3272.81,2593.63</tsv>
      </alignment2d>
    </section-image>
    <section-image>
      <annotated type="boolean">false</annotated>
      <axes nil="true"/>
      <bits-per-component type="integer">8</bits-per-component>
      <data-set-id type="integer">1056</data-set-id>
      <expression-path>/external/aibssan/production32/prod31/b.1056.13/b.1056.13_407_expression.aff</expression-path>
      <failed type="boolean">false</failed>
      <height type="integer">2940</height>
      <id type="integer">101322729</id>
      <image-height type="integer">2940</image-height>
      <image-type>Primary</image-type>
      <image-width type="integer">3080</image-width>
      <isi-experiment-id type="integer" nil="true"/>
      <lims1-id type="integer">69277</lims1-id>
      <number-of-components type="integer">3</number-of-components>
      <ophys-experiment-id type="integer" nil="true"/>
      <path>/external/aibssan/production4/Th_Baylor_8732/zoomify/primary/null/Th_407_null_C.aff</path>
      <projection-function nil="true"/>
      <resolution type="float">1.63</resolution>
      <section-number type="integer">407</section-number>
      <specimen-id type="integer" nil="true"/>
      <structure-id type="integer" nil="true"/>
      <tier-count type="integer">5</tier-count>
      <width type="integer">3080</width>
      <x type="integer">0</x>
      <y type="integer">0</y>
      <alignment2d>
        <id type="integer">348504544</id>
        <tvs>0.613254,-0.0172605,0.0172605,0.613254,-2285.82,-2250.68</tvs>
        <tsv>1.62935,0.0458593,-0.0458593,1.62935,3827.62,3562.33</tsv>
      </alignment2d>
    </section-image>
    <section-image>
      <annotated type="boolean">false</annotated>
      <axes nil="true"/>
      <bits-per-component type="integer">8</bits-per-component>
      <data-set-id type="integer">1056</data-set-id>
      <expression-path>/external/aibssan/production32/prod31/b.1056.13/b.1056.13_415_expression.aff</expression-path>
      <failed type="boolean">false</failed>
      <height type="integer">2720</height>
      <id type="integer">101322733</id>
      <image-height type="integer">2720</image-height>
      <image-type>Primary</image-type>
      <image-width type="integer">2660</image-width>
      <isi-experiment-id type="integer" nil="true"/>
      <lims1-id type="integer">69278</lims1-id>
      <number-of-components type="integer">3</number-of-components>
      <ophys-experiment-id type="integer" nil="true"/>
      <path>/external/aibssan/production4/Th_Baylor_8732/zoomify/primary/null/Th_415_null_D.aff</path>
      <projection-function nil="true"/>
      <resolution type="float">1.63</resolution>
      <section-number type="integer">415</section-number>
      <specimen-id type="integer" nil="true"/>
      <structure-id type="integer" nil="true"/>
      <tier-count type="integer">5</tier-count>
      <width type="integer">2660</width>
      <x type="integer">0</x>
      <y type="integer">0</y>
      <alignment2d>
        <id type="integer">348504546</id>
        <tvs>0.613239,-0.0177908,0.0177908,0.613239,-2457.04,-2661.31</tvs>
        <tsv>1.62931,0.0472684,-0.0472684,1.62931,4129.09,4219.97</tsv>
      </alignment2d>
    </section-image>
  </section-images>
  <plane_of_section>coronal</plane_of_section>
  <age>P56</age>
</section-data-set>
