<?xml version="1.0" encoding="UTF-8"?>
<section-data-set>
  <blue-channel nil="true"/>
  <delegate>false</delegate>
  <expression>false</expression>
  <failed>false</failed>
  <failed-facet>734881840</failed-facet>
  <green-channel nil="true"/>
  <id>479</id>
  <name nil="true"/>
  <qc-date nil="true"/>
  <red-channel nil="true"/>
  <reference-space-id>9</reference-space-id>
  <rnaseq-design-id nil="true"/>
  <section-thickness>25.0</section-thickness>
  <specimen-id>702765</specimen-id>
  <sphinx-id>136616</sphinx-id>
  <storage-directory>/external/mouse/prod2/image_series_479/</storage-directory>
  <weight>5470</weight>
  <products>
    <product>
      <abbreviation>DevMouse</abbreviation>
      <description>High-resolution ISH data detailing expression patterns of ~2,000 genes across mouse brain development.</description>
      <id type="integer">3</id>
      <name>Developing Mouse Brain</name>
      <product-name-facet type="integer">2290087187</product-name-facet>
      <resource>Allen Developing Mouse Brain Atlas</resource>
      <species>Mouse</species>
      <species-name-facet type="integer">1861523945</species-name-facet>
      <tags nil="true"/>
    </product>
    <product>
      <abbreviation>Mouse</abbreviation>
      <description>Genome-wide, high-resolution ISH data detailing gene expression throughout the adult mouse brain.</description>
      <id type="integer">1</id>
      <name>Mouse Brain</name>
      <product-name-facet type="integer">2757464828</product-name-facet>
      <resource>Allen Mouse Brain Atlas</resource>
      <species>Mouse</species>
      <species-name-facet type="integer">1861523945</species-name-facet>
      <tags nil="true"/>
    </product>
  </products>
  <specimen>
    <cell-prep-sample-id type="integer" nil="true"/>
    <cell-reporter-id type="integer" nil="true"/>
    <data nil="true"/>
    <donor-id type="integer">10472</donor-id>
    <ephys-result-id type="integer" nil="true"/>
    <external-specimen-name nil="true"/>
    <failed-facet type="integer">734881840</failed-facet>
    <hemisphere nil="true"/>
    <id type="integer">702765</id>
    <is-cell-specimen type="boolean">false</is-cell-specimen>
    <is-ish type="boolean">false</is-ish>
    <name>2314</name>
    <parent-id type="integer" nil="true"/>
    <parent-x-coord type="integer" nil="true"/>
    <parent-y-coord type="integer" nil="true"/>
    <parent-z-coord type="integer" nil="true"/>
    <rna-integrity-number type="float" nil="true"/>
    <specimen-id-path>/702765/</specimen-id-path>
    <sphinx-id type="integer">19162</sphinx-id>
    <structure-id type="integer" nil="true"/>
    <tissue-ph type="float" nil="true"/>
    <treatment-id type="integer" nil="true"/>
    <weight type="integer">9000</weight>
    <donor>
      <age-id type="integer">15</age-id>
      <chemotherapy nil="true"/>
      <condition-description nil="true"/>
      <data nil="true"/>
      <date-of-birth type="datetime" nil="true"/>
      <donor-condition-description-facet type="integer" nil="true"/>
      <donor-race-only-facet type="integer" nil="true"/>
      <donor-sex-facet type="integer">4122955671</donor-sex-facet>
      <donor-strain-facet type="integer">4276187917</donor-strain-facet>
      <donor-strain-only-facet type="integer">4276187917</donor-strain-only-facet>
      <egfr-amplification nil="true"/>
      <extent-of-resection nil="true"/>
      <external-donor-name nil="true"/>
      <handedness nil="true"/>
      <id type="integer">10472</id>
      <initial-kps nil="true"/>
      <mgmt-ihc type="integer" nil="true"/>
      <mgmt-methylation nil="true"/>
      <molecular-subtype nil="true"/>
      <multifocal nil="true"/>
      <name>2314</name>
      <organism-id type="integer">2</organism-id>
      <pmi type="float" nil="true"/>
      <primary-tissue-source>Baylor</primary-tissue-source>
      <pten-deletion nil="true"/>
      <race-only nil="true"/>
      <radiation-therapy nil="true"/>
      <recurrence-by-six-months nil="true"/>
      <sex>M</sex>
      <sex-full-name>Male</sex-full-name>
      <sleep-state nil="true"/>
      <smoker nil="true"/>
      <strain>C57BL/6J</strain>
      <strain-only>C57BL/6J</strain-only>
      <survival-days type="integer" nil="true"/>
      <tags>2314 </tags>
      <theiler-stage nil="true"/>
      <time-to-progression-or-recurrence nil="true"/>
      <transgenic-mouse-id type="integer" nil="true"/>
      <tumor-status nil="true"/>
      <weight-grams type="float" nil="true"/>
    </donor>
  </specimen>
  <alignment3d>
    <id type="integer">348273183</id>
    <trv>0.0,-0.0109026,0.930036,0.0,1.02989,0.00901046,-1.00888,0.0,0.0,1257.98,1586.18,12854.5</trv>
    <tvr>0.0,0.0,-0.991197,-0.00940617,0.97088,0.0,1.07512,0.0113814,0.0,12741.3,-1528.16,-1370.53</tvr>
  </alignment3d>
  <section-images>
    <section-image>
      <annotated type="boolean">false</annotated>
      <axes nil="true"/>
      <bits-per-component type="integer">8</bits-per-component>
      <data-set-id type="integer">479</data-set-id>
      <expression-path>/external/aibssan/production32/prod38/b.479.1/b.479.1_4_expression.aff</expression-path>
      <failed type="boolean">false</failed>
      <height type="integer">3864</height>
      <id type="integer">101349756</id>
      <image-height type="integer">3864</image-height>
      <image-type>Primary</image-type>
      <image-width type="integer">4232</image-width>
      <isi-experiment-id type="integer" nil="true"/>
      <lims1-id type="integer">89792</lims1-id>
      <number-of-components type="integer">3</number-of-components>
      <ophys-experiment-id type="integer" nil="true"/>
      <path>/external/aibssan/production4/Gad1_Baylor_9231/zoomify/primary/null/Gad1_4_null_A.aff</path>
      <projection-function nil="true"/>
      <resolution type="float">1.63</resolution>
      <section-number type="integer">4</section-number>
      <specimen-id type="integer" nil="true"/>
      <structure-id type="integer" nil="true"/>
      <tier-count type="integer">6</tier-count>
      <width type="integer">4232</width>
      <x type="integer">0</x>
      <y type="integer">0</y>
      <alignment2d>
        <id type="integer">348273717</id>
        <tvs>0.613428,-0.0091744,0.0091744,0.613428,-1846.56,-1731.11</tvs>
        <tsv>1.62982,0.0243755,-0.0243755,1.62982,3051.75,2776.39</tsv>
      </alignment2d>
    </section-image>
    <section-image>
      <annotated type="boolean">false</annotated>
      <axes nil="true"/>
      <bits-per-component type="integer">8</bits-per-component>
      <data-set-id type="integer">479</data-set-id>
      <expression-path>/external/aibssan/production32/prod38/b.479.1/b.479.1_12_expression.aff</expression-path>
      <failed type="boolean">false</failed>
      <height type="integer">4016</height>
      <id type="integer">101349764</id>
      <image-height type="integer">4016</image-height>
      <image-type>Primary</image-type>
      <image-width type="integer">4536</image-width>
      <isi-experiment-id type="integer" nil="true"/>
      <lims1-id type="integer">84014</lims1-id>
      <number-of-components type="integer">3</number-of-components>
      <ophys-experiment-id type="integer" nil="true"/>
      <path>/external/aibssan/production4/Gad1_Baylor_9231/zoomify/primary/null/Gad1_12_null_B.aff</path>
      <projection-function nil="true"/>
      <resolution type="float">1.63</resolution>
      <section-number type="integer">12</section-number>
      <specimen-id type="integer" nil="true"/>
      <structure-id type="integer" nil="true"/>
      <tier-count type="integer">6</tier-count>
      <width type="integer">4536</width>
      <x type="integer">0</x>
      <y type="integer">0</y>
      <alignment2d>
        <id type="integer">348273722</id>
        <tvs>0.613466,-0.00615993,0.00615993,0.613466,-1702.11,-1617.33</tvs>
        <tsv>1.62992,0.0163663,-0.0163663,1.62992,2800.76,2608.26</tsv>
      </alignment2d>
    </section-image>
    <section-image>
      <annotated type="boolean">false</annotated>
      <axes nil="true"/>
      <bits-per-component type="integer">8</bits-per-component>
      <data-set-id type="integer">479</data-set-id>
      <expression-path>/external/aibssan/production32/prod38/b.479.1/b.479.1_20_expression.aff</expression-path>
      <failed type="boolean">false</failed>
      <height type="integer">4264</height>
      <id type="integer">101349772</id>
      <image-height type="integer">4264</image-height>
      <image-type>Primary</image-type>
      <image-width type="integer">4720</image-width>
      <isi-experiment-id type="integer" nil="true"/>
      <lims1-id type="integer">84015</lims1-id>
      <number-of-components type="integer">3</number-of-components>
      <ophys-experiment-id type="integer" nil="true"/>
      <path>/external/aibssan/production4/Gad1_Baylor_9231/zoomify/primary/null/Gad1_20_null_C.aff</path>
      <projection-function nil="true"/>
      <resolution type="float">1.63</resolution>
      <section-number type="integer">20</section-number>
      <specimen-id type="integer" nil="true"/>
      <structure-id type="integer" nil="true"/>
      <tier-count type="integer">6</tier-count>
      <width type="integer">4720</width>
      <x type="integer">0</x>
      <y type="integer">0</y>
      <alignment2d>
        <id type="integer">348273727</id>
        <tvs>0.613438,-0.00846919,0.00846919,0.613438,-1605.65,-1445.86</tvs>
        <tsv>1.62984,0.0225018,-0.0225018,1.62984,2649.49,2320.4</tsv>
      </alignment2d>
    </section-image>
    <section-image>
      <annotated type="boolean">false</annotated>
      <axes nil="true"/>
      <bits-per-component type="integer">8</bits-per-component>
      <data-set-id type="integer">479</data-set-id>
      <expression-path>/external/aibssan/production32/prod38/b.479.1/b.479.1_28_expression.aff</expression-path>
      <failed type="boolean">false</failed>
      <height type="integer">4224</height>
      <id type="integer">101349780</id>
      <image-height type="integer">4224</image-height>
      <image-type>Primary</image-type>
      <image-width type="integer">4848</image-width>
      <isi-experiment-id type="integer" nil="true"/>
      <lims1-id type="integer">84016</lims1-id>
      <number-of-components type="integer">3</number-of-components>
      <ophys-experiment-id type="integer" nil="true"/>
      <path>/external/aibssan/production4/Gad1_Baylor_9231/zoomify/primary/null/Gad1_28_null_D.aff</path>
      <projection-function nil="true"/>
      <resolution type="float">1.63</resolution>
      <section-number type="integer">28</section-number>
      <specimen-id type="integer" nil="true"/>
      <structure-id type="integer" nil="true"/>
      <tier-count type="integer">6</tier-count>
      <width type="integer">4848</width>
      <x type="integer">0</x>
      <y type="integer">0</y>
      <alignment2d>
        <id type="integer">348273731</id>
        <tvs>0.613459,-0.00681549,0.00681549,0.613459,-1561.14,-1483.12</tvs>
        <tsv>1.6299,0.0181081,-0.0181081,1.6299,2571.36,2389.07</tsv>
      </alignment2d>
    </section-image>
    <section-image>
      <annotated type="boolean">false</annotated>
      <axes nil="true"/>
      <bits-per-component type="integer">8</bits-per-component>
      <data-set-id type="integer">479</data-set-id>
      <expression-path>/external/aibssan/production32/prod38/b.479.2/b.479.2_36_expression.aff</expression-path>
      <failed type="boolean">false</failed>
      <height type="integer">4432</height>
      <id type="integer">101349788</id>
      <image-height type="integer">4432</image-height>
      <image-type>Primary</image-type>
      <image-width type="integer">4888</image-width>
      <isi-experiment-id type="integer" nil="true"/>
      <lims1-id type="integer">84032</lims1-id>
      <number-of-components type="integer">3</number-of-components>
      <ophys-experiment-id type="integer" nil="true"/>
      <path>/external/aibssan/production4/Gad1_Baylor_9231/zoomify/primary/null/Gad1_36_null_A.aff</path>
      <projection-function nil="true"/>
      <resolution type="float">1.63</resolution>
      <section-number type="integer">36</section-number>
      <specimen-id type="integer" nil="true"/>
      <structure-id type="integer" nil="true"/>
      <tier-count type="integer">6</tier-count>
      <width type="integer">4888</width>
      <x type="integer">0</x>
      <y type="integer">0</y>
      <alignment2d>
        <id type="integer">348273735</id>
        <tvs>0.613411,-0.0102544,0.0102544,0.613411,-1512.97,-1372.42</tvs>
        <tsv>1.62977,0.0272449,-0.0272449,1.62977,2503.19,2195.52</tsv>
      </alignment2d>
    </section-image>
    <section-image>
      <annotated type="boolean">false</annotated>
      <axes nil="true"/>
      <bits-per-component type="integer">8</bits-per-component>
      <data-set-id type="integer">479</data-set-id>
      <expression-path>/external/aibssan/production32/prod38/b.479.2/b.479.2_44_expression.aff</expression-path>
      <failed type="boolean">false</failed>
      <height type="integer">4104</height>
      <id type="integer">101349796</id>
      <image-height type="integer">4104</image-height>
      <image-type>Primary</image-type>
      <image-width type="integer">5000</image-width>
      <isi-experiment-id type="integer" nil="true"/>
      <lims1-id type="integer">89793</lims1-id>
      <number-of-components type="integer">3</number-of-components>
      <ophys-experiment-id type="integer" nil="true"/>
      <path>/external/aibssan/production4/Gad1_Baylor_9231/zoomify/primary/null/Gad1_44_null_B.aff</path>
      <projection-function nil="true"/>
      <resolution type="float">1.63</resolution>
      <section-number type="integer">44</section-number>
      <specimen-id type="integer" nil="true"/>
      <structure-id type="integer" nil="true"/>
      <tier-count type="integer">6</tier-count>
      <width type="integer">5000</width>
      <x type="integer">0</x>
      <y type="integer">0</y>
      <alignment2d>
        <id type="integer">348273739</id>
        <tvs>0.61349,-0.00287644,0.00287644,0.61349,-1506.19,-1494.01</tvs>
        <tsv>1.62998,0.00764241,-0.00764241,1.62998,2466.47,2423.69</tsv>
      </alignment2d>
    </section-image>
    <section-image>
      <annotated type="boolean">false</annotated>
      <axes nil="true"/>
      <bits-per-component type="integer">8</bits-per-component>
      <data-set-id type="integer">479</data-set-id>
      <expression-path>/external/aibssan/production32/prod38/b.479.2/b.479.2_52_expression.aff</expression-path>
      <failed type="boolean">false</failed>
      <height type="integer">4080</height>
      <id type="integer">101349804</id>
      <image-height type="integer">4080</image-height>
      <image-type>Primary</image-type>
      <image-width type="integer">5040</image-width>
      <isi-experiment-id type="integer" nil="true"/>
      <lims1-id type="integer">83977</lims1-id>
      <number-of-components type="integer">3</number-of-components>
      <ophys-experiment-id type="integer" nil="true"/>
      <path>/external/aibssan/production4/Gad1_Baylor_9231/zoomify/primary/null/Gad1_52_null_C.aff</path>
      <projection-function nil="true"/>
      <resolution type="float">1.63</resolution>
      <section-number type="integer">52</section-number>
      <specimen-id type="integer" nil="true"/>
      <structure-id type="integer" nil="true"/>
      <tier-count type="integer">6</tier-count>
      <width type="integer">5040</width>
      <x type="integer">0</x>
      <y type="integer">0</y>
      <alignment2d>
        <id type="integer">348273745</id>
        <tvs>0.613493,-0.00207641,0.00207641,0.613493,-1455.46,-1485.47</tvs>
        <tsv>1.62999,0.00551681,-0.00551681,1.62999,2380.58,2413.27</tsv>
      </alignment2d>
    </section-image>
    <section-image>
      <annotated type="boolean">false</annotated>
      <axes nil="true"/>
      <bits-per-component type="integer">8</bits-per-component>
      <data-set-id type="integer">479</data-set-id>
      <expression-path>/external/aibssan/production32/prod38/b.479.2/b.479.2_60_expression.aff</expression-path>
      <failed type="boolean">false</failed>
      <height type="integer">4192</height>
      <id type="integer">101349812</id>
      <image-height type="integer">4192</image-height>
      <image-type>Primary</image-type>
      <image-width type="integer">5264</image-width>
      <isi-experiment-id type="integer" nil="true"/>
      <lims1-id type="integer">83978</lims1-id>
      <number-of-components type="integer">3</number-of-components>
      <ophys-experiment-id type="integer" nil="true"/>
      <path>/external/aibssan/production4/Gad1_Baylor_9231/zoomify/primary/null/Gad1_60_null_D.aff</path>
      <projection-function nil="true"/>
      <resolution type="float">1.63</resolution>
      <section-number type="integer">60</section-number>
      <specimen-id type="integer" nil="true"/>
      <structure-id type="integer" nil="true"/>
      <tier-count type="integer">6</tier-count>
      <width type="integer">5264</width>
      <x type="integer">0</x>
      <y type="integer">0</y>
      <alignment2d>
        <id type="integer">348273751</id>
        <tvs>0.613426,-0.00933228,0.00933228,0.613426,-1286.97,-1486.54</tvs>
        <tsv>1.62981,0.0247949,-0.0247949,1.62981,2134.38,2390.86</tsv>
      </alignment2d>
    </section-image>
    <section-image>
      <annotated type="boolean">false</annotated>
      <axes nil="true"/>
      <bits-per-component type="integer">8</bits-per-component>
      <data-set-id type="integer">479</data-set-id>
      <expression-path>/external/aibssan/production32/prod38/b.479.3/b.479.3_68_expression.aff</expression-path>
      <failed type="boolean">false</failed>
      <height type="integer">4416</height>
      <id type="integer">101349820</id>
      <image-height type="integer">4416</image-height>
      <image-type>Primary</image-type>
      <image-width type="integer">5272</image-width>
      <isi-experiment-id type="integer" nil="true"/>
      <lims1-id type="integer">83979</lims1-id>
      <number-of-components type="integer">3</number-of-components>
      <ophys-experiment-id type="integer" nil="true"/>
      <path>/external/aibssan/production4/Gad1_Baylor_9231/zoomify/primary/null/Gad1_68_null_A.aff</path>
      <projection-function nil="true"/>
      <resolution type="float">1.63</resolution>
      <section-number type="integer">68</section-number>
      <specimen-id type="integer" nil="true"/>
      <structure-id type="integer" nil="true"/>
      <tier-count type="integer">6</tier-count>
      <width type="integer">5272</width>
      <x type="integer">0</x>
      <y type="integer">0</y>
      <alignment2d>
        <id type="integer">348273757</id>
        <tvs>0.613413,-0.0101299,0.0101299,0.613413,-1215.08,-1374.37</tvs>
        <tsv>1.62978,0.0269141,-0.0269141,1.62978,2017.29,2207.21</tsv>
      </alignment2d>
    </section-image>
    <section-image>
      <annotated type="boolean">false</annotated>
      <axes nil="true"/>
      <bits-per-component type="integer">8</bits-per-component>
      <data-set-id type="integer">479</data-set-id>
      <expression-path>/external/aibssan/production32/prod38/b.479.3/b.479.3_76_expression.aff</expression-path>
      <failed type="boolean">false</failed>
      <height type="integer">4136</height>
      <id type="integer">101349828</id>
      <image-height type="integer">4136</image-height>
      <image-type>Primary</image-type>
      <image-width type="integer">5328</image-width>
      <isi-experiment-id type="integer" nil="true"/>
      <lims1-id type="integer">83980</lims1-id>
      <number-of-components type="integer">3</number-of-components>
      <ophys-experiment-id type="integer" nil="true"/>
      <path>/external/aibssan/production4/Gad1_Baylor_9231/zoomify/primary/null/Gad1_76_null_B.aff</path>
      <projection-function nil="true"/>
      <resolution type="float">1.63</resolution>
      <section-number type="integer">76</section-number>
      <specimen-id type="integer" nil="true"/>
      <structure-id type="integer" nil="true"/>
      <tier-count type="integer">6</tier-count>
      <width type="integer">5328</width>
      <x type="integer">0</x>
      <y type="integer">0</y>
      <alignment2d>
        <id type="integer">348273761</id>
        <tvs>0.613495,-0.00159561,0.00159561,0.613495,-1271.58,-1455.09</tvs>
        <tsv>1.62999,0.00423939,-0.00423939,1.62999,2078.84,2366.4</tsv>
      </alignment2d>
    </section-image>
    <section-image>
      <annotated type="boolean">false</annotated>
      <axes nil="true"/>
      <bits-per-component type="integer">8</bits-per-component>
      <data-set-id type="integer">479</data-set-id>
      <expression-path>/external/aibssan/production32/prod38/b.479.3/b.479.3_84_expression.aff</expression-path>
      <failed type="boolean">false</failed>
      <height type="integer">4096</height>
      <id type="integer">101349836</id>
      <image-height type="integer">4096</image-height>
      <image-type>Primary</image-type>
      <image-width type="integer">5312</image-width>
      <isi-experiment-id type="integer" nil="true"/>
      <lims1-id type="integer">83920</lims1-id>
      <number-of-components type="integer">3</number-of-components>
      <ophys-experiment-id type="integer" nil="true"/>
      <path>/external/aibssan/production4/Gad1_Baylor_9231/zoomify/primary/null/Gad1_84_null_C.aff</path>
      <projection-function nil="true"/>
      <resolution type="float">1.63</resolution>
      <section-number type="integer">84</section-number>
      <specimen-id type="integer" nil="true"/>
      <structure-id type="integer" nil="true"/>
      <tier-count type="integer">6</tier-count>
      <width type="integer">5312</width>
      <x type="integer">0</x>
      <y type="integer">0</y>
      <alignment2d>
        <id type="integer">348273765</id>
        <tvs>0.61345,-0.007602,0.007602,0.61345,-1248.6,-1480.6</tvs>
        <tsv>1.62987,0.0201978,-0.0201978,1.62987,2064.97,2387.98</tsv>
      </alignment2d>
    </section-image>
    <section-image>
      <annotated type="boolean">false</annotated>
      <axes nil="true"/>
      <bits-per-component type="integer">8</bits-per-component>
      <data-set-id type="integer">479</data-set-id>
      <expression-path>/external/aibssan/production32/prod38/b.479.3/b.479.3_92_expression.aff</expression-path>
      <failed type="boolean">false</failed>
      <height type="integer">4080</height>
      <id type="integer">101349844</id>
      <image-height type="integer">4080</image-height>
      <image-type>Primary</image-type>
      <image-width type="integer">5368</image-width>
      <isi-experiment-id type="integer" nil="true"/>
      <lims1-id type="integer">89794</lims1-id>
      <number-of-components type="integer">3</number-of-components>
      <ophys-experiment-id type="integer" nil="true"/>
      <path>/external/aibssan/production4/Gad1_Baylor_9231/zoomify/primary/null/Gad1_92_null_D.aff</path>
      <projection-function nil="true"/>
      <resolution type="float">1.63</resolution>
      <section-number type="integer">92</section-number>
      <specimen-id type="integer" nil="true"/>
      <structure-id type="integer" nil="true"/>
      <tier-count type="integer">6</tier-count>
      <width type="integer">5368</width>
      <x type="integer">0</x>
      <y type="integer">0</y>
      <alignment2d>
        <id type="integer">348273769</id>
        <tvs>0.613358,-0.0130668,0.0130668,0.613358,-1077.48,-1541.88</tvs>
        <tsv>1.62963,0.0347172,-0.0347172,1.62963,1809.43,2475.29</tsv>
      </alignment2d>
    </section-image>
    <section-image>
      <annotated type="boolean">false</annotated>
      <axes nil="true"/>
      <bits-per-component type="integer">8</bits-per-component>
      <data-set-id type="integer">479</data-set-id>
      <expression-path>/external/aibssan/production32/prod38/b.479.4/b.479.4_100_expression.aff</expression-path>
      <failed type="boolean">false</failed>
      <height type="integer">4248</height>
      <id type="integer">101349852</id>
      <image-height type="integer">4248</image-height>
      <image-type>Primary</image-type>
      <image-width type="integer">5592</image-width>
      <isi-experiment-id type="integer" nil="true"/>
      <lims1-id type="integer">83996</lims1-id>
      <number-of-components type="integer">3</number-of-components>
      <ophys-experiment-id type="integer" nil="true"/>
      <path>/external/aibssan/production4/Gad1_Baylor_9231/zoomify/primary/null/Gad1_100_null_A.aff</path>
      <projection-function nil="true"/>
      <resolution type="float">1.63</resolution>
      <section-number type="integer">100</section-number>
      <specimen-id type="integer" nil="true"/>
      <structure-id type="integer" nil="true"/>
      <tier-count type="integer">6</tier-count>
      <width type="integer">5592</width>
      <x type="integer">0</x>
      <y type="integer">0</y>
      <alignment2d>
        <id type="integer">348273773</id>
        <tvs>0.613489,-0.0031406,0.0031406,0.613489,-975.859,-1372.43</tvs>
        <tsv>1.62998,0.00834427,-0.00834427,1.62998,1602.08,2228.88</tsv>
      </alignment2d>
    </section-image>
    <section-image>
      <annotated type="boolean">false</annotated>
      <axes nil="true"/>
      <bits-per-component type="integer">8</bits-per-component>
      <data-set-id type="integer">479</data-set-id>
      <expression-path>/external/aibssan/production32/prod38/b.479.4/b.479.4_108_expression.aff</expression-path>
      <failed type="boolean">false</failed>
      <height type="integer">4304</height>
      <id type="integer">101349860</id>
      <image-height type="integer">4304</image-height>
      <image-type>Primary</image-type>
      <image-width type="integer">5512</image-width>
      <isi-experiment-id type="integer" nil="true"/>
      <lims1-id type="integer">83997</lims1-id>
      <number-of-components type="integer">3</number-of-components>
      <ophys-experiment-id type="integer" nil="true"/>
      <path>/external/aibssan/production4/Gad1_Baylor_9231/zoomify/primary/null/Gad1_108_null_B.aff</path>
      <projection-function nil="true"/>
      <resolution type="float">1.63</resolution>
      <section-number type="integer">108</section-number>
      <specimen-id type="integer" nil="true"/>
      <structure-id type="integer" nil="true"/>
      <tier-count type="integer">6</tier-count>
      <width type="integer">5512</width>
      <x type="integer">0</x>
      <y type="integer">0</y>
      <alignment2d>
        <id type="integer">348273777</id>
        <tvs>0.613495,-0.00137385,0.00137385,0.613495,-1121.21,-1314.87</tvs>
        <tsv>1.63,0.00365018,-0.00365018,1.63,1832.37,2139.14</tsv>
      </alignment2d>
    </section-image>
    <section-image>
      <annotated type="boolean">false</annotated>
      <axes nil="true"/>
      <bits-per-component type="integer">8</bits-per-component>
      <data-set-id type="integer">479</data-set-id>
      <expression-path>/external/aibssan/production32/prod38/b.479.4/b.479.4_116_expression.aff</expression-path>
      <failed type="boolean">false</failed>
      <height type="integer">4424</height>
      <id type="integer">101349868</id>
      <image-height type="integer">4424</image-height>
      <image-type>Primary</image-type>
      <image-width type="integer">5640</image-width>
      <isi-experiment-id type="integer" nil="true"/>
      <lims1-id type="integer">83998</lims1-id>
      <number-of-components type="integer">3</number-of-components>
      <ophys-experiment-id type="integer" nil="true"/>
      <path>/external/aibssan/production4/Gad1_Baylor_9231/zoomify/primary/null/Gad1_116_null_C.aff</path>
      <projection-function nil="true"/>
      <resolution type="float">1.63</resolution>
      <section-number type="integer">116</section-number>
      <specimen-id type="integer" nil="true"/>
      <structure-id type="integer" nil="true"/>
      <tier-count type="integer">6</tier-count>
      <width type="integer">5640</width>
      <x type="integer">0</x>
      <y type="integer">0</y>
      <alignment2d>
        <id type="integer">348273781</id>
        <tvs>0.613458,-0.00695565,0.00695565,0.613458,-1095.81,-1300.58</tvs>
        <tsv>1.6299,0.0184805,-0.0184805,1.6299,1810.09,2099.56</tsv>
      </alignment2d>
    </section-image>
    <section-image>
      <annotated type="boolean">false</annotated>
      <axes nil="true"/>
      <bits-per-component type="integer">8</bits-per-component>
      <data-set-id type="integer">479</data-set-id>
      <expression-path>/external/aibssan/production32/prod38/b.479.4/b.479.4_124_expression.aff</expression-path>
      <failed type="boolean">false</failed>
      <height type="integer">4568</height>
      <id type="integer">101349876</id>
      <image-height type="integer">4568</image-height>
      <image-type>Primary</image-type>
      <image-width type="integer">5784</image-width>
      <isi-experiment-id type="integer" nil="true"/>
      <lims1-id type="integer">83863</lims1-id>
      <number-of-components type="integer">3</number-of-components>
      <ophys-experiment-id type="integer" nil="true"/>
      <path>/external/aibssan/production4/Gad1_Baylor_9231/zoomify/primary/null/Gad1_124_null_D.aff</path>
      <projection-function nil="true"/>
      <resolution type="float">1.63</resolution>
      <section-number type="integer">124</section-number>
      <specimen-id type="integer" nil="true"/>
      <structure-id type="integer" nil="true"/>
      <tier-count type="integer">6</tier-count>
      <width type="integer">5784</width>
      <x type="integer">0</x>
      <y type="integer">0</y>
      <alignment2d>
        <id type="integer">348273785</id>
        <tvs>0.613335,-0.0141135,0.0141135,0.613335,-1063.86,-1288.39</tvs>
        <tsv>1.62957,0.0374981,-0.0374981,1.62957,1781.94,2059.63</tsv>
      </alignment2d>
    </section-image>
    <section-image>
      <annotated type="boolean">false</annotated>
      <axes nil="true"/>
      <bits-per-component type="integer">8</bits-per-component>
      <data-set-id type="integer">479</data-set-id>
      <expression-path>/external/aibssan/production32/prod38/b.479.5/b.479.5_132_expression.aff</expression-path>
      <failed type="boolean">false</failed>
      <height type="integer">4464</height>
      <id type="integer">101349884</id>
      <image-height type="integer">4464</image-height>
      <image-type>Primary</image-type>
      <image-width type="integer">5880</image-width>
      <isi-experiment-id type="integer" nil="true"/>
      <lims1-id type="integer">89922</lims1-id>
      <number-of-components type="integer">3</number-of-components>
      <ophys-experiment-id type="integer" nil="true"/>
      <path>/external/aibssan/production4/Gad1_Baylor_9231/zoomify/primary/null/Gad1_132_null_A.aff</path>
      <projection-function nil="true"/>
      <resolution type="float">1.63</resolution>
      <section-number type="integer">132</section-number>
      <specimen-id type="integer" nil="true"/>
      <structure-id type="integer" nil="true"/>
      <tier-count type="integer">6</tier-count>
      <width type="integer">5880</width>
      <x type="integer">0</x>
      <y type="integer">0</y>
      <alignment2d>
        <id type="integer">348273789</id>
        <tvs>0.613459,-0.00681976,0.00681976,0.613459,-996.202,-1231.09</tvs>
        <tsv>1.6299,0.0181194,-0.0181194,1.6299,1646.01,1988.5</tsv>
      </alignment2d>
    </section-image>
    <section-image>
      <annotated type="boolean">false</annotated>
      <axes nil="true"/>
      <bits-per-component type="integer">8</bits-per-component>
      <data-set-id type="integer">479</data-set-id>
      <expression-path>/external/aibssan/production32/prod38/b.479.5/b.479.5_140_expression.aff</expression-path>
      <failed type="boolean">false</failed>
      <height type="integer">4656</height>
      <id type="integer">101349892</id>
      <image-height type="integer">4656</image-height>
      <image-type>Primary</image-type>
      <image-width type="integer">6008</image-width>
      <isi-experiment-id type="integer" nil="true"/>
      <lims1-id type="integer">84050</lims1-id>
      <number-of-components type="integer">3</number-of-components>
      <ophys-experiment-id type="integer" nil="true"/>
      <path>/external/aibssan/production4/Gad1_Baylor_9231/zoomify/primary/null/Gad1_140_null_B.aff</path>
      <projection-function nil="true"/>
      <resolution type="float">1.63</resolution>
      <section-number type="integer">140</section-number>
      <specimen-id type="integer" nil="true"/>
      <structure-id type="integer" nil="true"/>
      <tier-count type="integer">6</tier-count>
      <width type="integer">6008</width>
      <x type="integer">0</x>
      <y type="integer">0</y>
      <alignment2d>
        <id type="integer">348273829</id>
        <tvs>0.613471,-0.00565222,0.00565222,0.613471,-906.632,-1139.52</tvs>
        <tsv>1.62993,0.0150174,-0.0150174,1.62993,1494.86,1843.73</tsv>
      </alignment2d>
    </section-image>
    <section-image>
      <annotated type="boolean">false</annotated>
      <axes nil="true"/>
      <bits-per-component type="integer">8</bits-per-component>
      <data-set-id type="integer">479</data-set-id>
      <expression-path>/external/aibssan/production32/prod38/b.479.5/b.479.5_148_expression.aff</expression-path>
      <failed type="boolean">false</failed>
      <height type="integer">4720</height>
      <id type="integer">101349900</id>
      <image-height type="integer">4720</image-height>
      <image-type>Primary</image-type>
      <image-width type="integer">6072</image-width>
      <isi-experiment-id type="integer" nil="true"/>
      <lims1-id type="integer">84051</lims1-id>
      <number-of-components type="integer">3</number-of-components>
      <ophys-experiment-id type="integer" nil="true"/>
      <path>/external/aibssan/production4/Gad1_Baylor_9231/zoomify/primary/null/Gad1_148_null_C.aff</path>
      <projection-function nil="true"/>
      <resolution type="float">1.63</resolution>
      <section-number type="integer">148</section-number>
      <specimen-id type="integer" nil="true"/>
      <structure-id type="integer" nil="true"/>
      <tier-count type="integer">6</tier-count>
      <width type="integer">6072</width>
      <x type="integer">0</x>
      <y type="integer">0</y>
      <alignment2d>
        <id type="integer">348273833</id>
        <tvs>0.613481,-0.00448274,0.00448274,0.613481,-859.197,-1049.45</tvs>
        <tsv>1.62996,0.0119102,-0.0119102,1.62996,1412.95,1700.33</tsv>
      </alignment2d>
    </section-image>
    <section-image>
      <annotated type="boolean">false</annotated>
      <axes nil="true"/>
      <bits-per-component type="integer">8</bits-per-component>
      <data-set-id type="integer">479</data-set-id>
      <expression-path>/external/aibssan/production32/prod38/b.479.5/b.479.5_156_expression.aff</expression-path>
      <failed type="boolean">false</failed>
      <height type="integer">4616</height>
      <id type="integer">101349908</id>
      <image-height type="integer">4616</image-height>
      <image-type>Primary</image-type>
      <image-width type="integer">6128</image-width>
      <isi-experiment-id type="integer" nil="true"/>
      <lims1-id type="integer">84052</lims1-id>
      <number-of-components type="integer">3</number-of-components>
      <ophys-experiment-id type="integer" nil="true"/>
      <path>/external/aibssan/production4/Gad1_Baylor_9231/zoomify/primary/null/Gad1_156_null_D.aff</path>
      <projection-function nil="true"/>
      <resolution type="float">1.63</resolution>
      <section-number type="integer">156</section-number>
      <specimen-id type="integer" nil="true"/>
      <structure-id type="integer" nil="true"/>
      <tier-count type="integer">6</tier-count>
      <width type="integer">6128</width>
      <x type="integer">0</x>
      <y type="integer">0</y>
      <alignment2d>
        <id type="integer">348273837</id>
        <tvs>0.613405,-0.010646,0.010646,0.613405,-833.393,-1115.42</tvs>
        <tsv>1.62975,0.0282854,-0.0282854,1.62975,1389.78,1794.28</tsv>
      </alignment2d>
    </section-image>
    <section-image>
      <annotated type="boolean">false</annotated>
      <axes nil="true"/>
      <bits-per-component type="integer">8</bits-per-component>
      <data-set-id type="integer">479</data-set-id>
      <expression-path>/external/aibssan/production32/prod38/b.479.6/b.479.6_164_expression.aff</expression-path>
      <failed type="boolean">false</failed>
      <height type="integer">4720</height>
      <id type="integer">101349916</id>
      <image-height type="integer">4720</image-height>
      <image-type>Primary</image-type>
      <image-width type="integer">6200</image-width>
      <isi-experiment-id type="integer" nil="true"/>
      <lims1-id type="integer">83844</lims1-id>
      <number-of-components type="integer">3</number-of-components>
      <ophys-experiment-id type="integer" nil="true"/>
      <path>/external/aibssan/production4/Gad1_Baylor_9231/zoomify/primary/null/Gad1_164_null_A.aff</path>
      <projection-function nil="true"/>
      <resolution type="float">1.63</resolution>
      <section-number type="integer">164</section-number>
      <specimen-id type="integer" nil="true"/>
      <structure-id type="integer" nil="true"/>
      <tier-count type="integer">6</tier-count>
      <width type="integer">6200</width>
      <x type="integer">0</x>
      <y type="integer">0</y>
      <alignment2d>
        <id type="integer">348273839</id>
        <tvs>0.613375,-0.0122367,0.0122367,0.613375,-787.014,-1002.21</tvs>
        <tsv>1.62968,0.0325118,-0.0325118,1.62968,1315.16,1607.69</tsv>
      </alignment2d>
    </section-image>
    <section-image>
      <annotated type="boolean">false</annotated>
      <axes nil="true"/>
      <bits-per-component type="integer">8</bits-per-component>
      <data-set-id type="integer">479</data-set-id>
      <expression-path>/external/aibssan/production32/prod38/b.479.6/b.479.6_172_expression.aff</expression-path>
      <failed type="boolean">false</failed>
      <height type="integer">4736</height>
      <id type="integer">101349924</id>
      <image-height type="integer">4736</image-height>
      <image-type>Primary</image-type>
      <image-width type="integer">6200</image-width>
      <isi-experiment-id type="integer" nil="true"/>
      <lims1-id type="integer">89924</lims1-id>
      <number-of-components type="integer">3</number-of-components>
      <ophys-experiment-id type="integer" nil="true"/>
      <path>/external/aibssan/production4/Gad1_Baylor_9231/zoomify/primary/null/Gad1_172_null_B.aff</path>
      <projection-function nil="true"/>
      <resolution type="float">1.63</resolution>
      <section-number type="integer">172</section-number>
      <specimen-id type="integer" nil="true"/>
      <structure-id type="integer" nil="true"/>
      <tier-count type="integer">6</tier-count>
      <width type="integer">6200</width>
      <x type="integer">0</x>
      <y type="integer">0</y>
      <alignment2d>
        <id type="integer">348273841</id>
        <tvs>0.61328,-0.0163148,0.0163148,0.61328,-790.094,-1053.6</tvs>
        <tsv>1.62942,0.0433469,-0.0433469,1.62942,1333.07,1682.52</tsv>
      </alignment2d>
    </section-image>
    <section-image>
      <annotated type="boolean">false</annotated>
      <axes nil="true"/>
      <bits-per-component type="integer">8</bits-per-component>
      <data-set-id type="integer">479</data-set-id>
      <expression-path>/external/aibssan/production32/prod38/b.479.6/b.479.6_180_expression.aff</expression-path>
      <failed type="boolean">false</failed>
      <height type="integer">4496</height>
      <id type="integer">101349932</id>
      <image-height type="integer">4496</image-height>
      <image-type>Primary</image-type>
      <image-width type="integer">6304</image-width>
      <isi-experiment-id type="integer" nil="true"/>
      <lims1-id type="integer">83845</lims1-id>
      <number-of-components type="integer">3</number-of-components>
      <ophys-experiment-id type="integer" nil="true"/>
      <path>/external/aibssan/production4/Gad1_Baylor_9231/zoomify/primary/null/Gad1_180_null_C.aff</path>
      <projection-function nil="true"/>
      <resolution type="float">1.63</resolution>
      <section-number type="integer">180</section-number>
      <specimen-id type="integer" nil="true"/>
      <structure-id type="integer" nil="true"/>
      <tier-count type="integer">6</tier-count>
      <width type="integer">6304</width>
      <x type="integer">0</x>
      <y type="integer">0</y>
      <alignment2d>
        <id type="integer">348273843</id>
        <tvs>0.613161,-0.0203125,0.0203125,0.613161,-714.414,-1195.68</tvs>
        <tsv>1.62911,0.0539683,-0.0539683,1.62911,1228.39,1909.34</tsv>
      </alignment2d>
    </section-image>
    <section-image>
      <annotated type="boolean">false</annotated>
      <axes nil="true"/>
      <bits-per-component type="integer">8</bits-per-component>
      <data-set-id type="integer">479</data-set-id>
      <expression-path>/external/aibssan/production32/prod38/b.479.6/b.479.6_188_expression.aff</expression-path>
      <failed type="boolean">false</failed>
      <height type="integer">4512</height>
      <id type="integer">101349940</id>
      <image-height type="integer">4512</image-height>
      <image-type>Primary</image-type>
      <image-width type="integer">6224</image-width>
      <isi-experiment-id type="integer" nil="true"/>
      <lims1-id type="integer">83846</lims1-id>
      <number-of-components type="integer">3</number-of-components>
      <ophys-experiment-id type="integer" nil="true"/>
      <path>/external/aibssan/production4/Gad1_Baylor_9231/zoomify/primary/null/Gad1_188_null_D.aff</path>
      <projection-function nil="true"/>
      <resolution type="float">1.63</resolution>
      <section-number type="integer">188</section-number>
      <specimen-id type="integer" nil="true"/>
      <structure-id type="integer" nil="true"/>
      <tier-count type="integer">6</tier-count>
      <width type="integer">6224</width>
      <x type="integer">0</x>
      <y type="integer">0</y>
      <alignment2d>
        <id type="integer">348273845</id>
        <tvs>0.613275,-0.0165089,0.0165089,0.613275,-772.215,-1090.34</tvs>
        <tsv>1.62941,0.0438624,-0.0438624,1.62941,1306.08,1742.74</tsv>
      </alignment2d>
    </section-image>
    <section-image>
      <annotated type="boolean">false</annotated>
      <axes nil="true"/>
      <bits-per-component type="integer">8</bits-per-component>
      <data-set-id type="integer">479</data-set-id>
      <expression-path>/external/aibssan/production32/prod38/b.479.7/b.479.7_196_expression.aff</expression-path>
      <failed type="boolean">false</failed>
      <height type="integer">4456</height>
      <id type="integer">101349948</id>
      <image-height type="integer">4456</image-height>
      <image-type>Primary</image-type>
      <image-width type="integer">6304</image-width>
      <isi-experiment-id type="integer" nil="true"/>
      <lims1-id type="integer">83864</lims1-id>
      <number-of-components type="integer">3</number-of-components>
      <ophys-experiment-id type="integer" nil="true"/>
      <path>/external/aibssan/production4/Gad1_Baylor_9231/zoomify/primary/null/Gad1_196_null_A.aff</path>
      <projection-function nil="true"/>
      <resolution type="float">1.63</resolution>
      <section-number type="integer">196</section-number>
      <specimen-id type="integer" nil="true"/>
      <structure-id type="integer" nil="true"/>
      <tier-count type="integer">6</tier-count>
      <width type="integer">6304</width>
      <x type="integer">0</x>
      <y type="integer">0</y>
      <alignment2d>
        <id type="integer">348273847</id>
        <tvs>0.613296,-0.015684,0.015684,0.613296,-725.551,-1183.26</tvs>
        <tsv>1.62947,0.0416709,-0.0416709,1.62947,1231.57,1897.85</tsv>
      </alignment2d>
    </section-image>
    <section-image>
      <annotated type="boolean">false</annotated>
      <axes nil="true"/>
      <bits-per-component type="integer">8</bits-per-component>
      <data-set-id type="integer">479</data-set-id>
      <expression-path>/external/aibssan/production32/prod38/b.479.7/b.479.7_204_expression.aff</expression-path>
      <failed type="boolean">false</failed>
      <height type="integer">4208</height>
      <id type="integer">101349956</id>
      <image-height type="integer">4208</image-height>
      <image-type>Primary</image-type>
      <image-width type="integer">6272</image-width>
      <isi-experiment-id type="integer" nil="true"/>
      <lims1-id type="integer">83865</lims1-id>
      <number-of-components type="integer">3</number-of-components>
      <ophys-experiment-id type="integer" nil="true"/>
      <path>/external/aibssan/production4/Gad1_Baylor_9231/zoomify/primary/null/Gad1_204_null_B.aff</path>
      <projection-function nil="true"/>
      <resolution type="float">1.63</resolution>
      <section-number type="integer">204</section-number>
      <specimen-id type="integer" nil="true"/>
      <structure-id type="integer" nil="true"/>
      <tier-count type="integer">6</tier-count>
      <width type="integer">6272</width>
      <x type="integer">0</x>
      <y type="integer">0</y>
      <alignment2d>
        <id type="integer">348273849</id>
        <tvs>0.613463,-0.00648987,0.00648987,0.613463,-792.544,-1253.98</tvs>
        <tsv>1.62991,0.0172429,-0.0172429,1.62991,1313.4,2030.21</tsv>
      </alignment2d>
    </section-image>
    <section-image>
      <annotated type="boolean">false</annotated>
      <axes nil="true"/>
      <bits-per-component type="integer">8</bits-per-component>
      <data-set-id type="integer">479</data-set-id>
      <expression-path>/external/aibssan/production32/prod38/b.479.7/b.479.7_212_expression.aff</expression-path>
      <failed type="boolean">false</failed>
      <height type="integer">4800</height>
      <id type="integer">101349964</id>
      <image-height type="integer">4800</image-height>
      <image-type>Primary</image-type>
      <image-width type="integer">6272</image-width>
      <isi-experiment-id type="integer" nil="true"/>
      <lims1-id type="integer">83882</lims1-id>
      <number-of-components type="integer">3</number-of-components>
      <ophys-experiment-id type="integer" nil="true"/>
      <path>/external/aibssan/production4/Gad1_Baylor_9231/zoomify/primary/null/Gad1_212_null_C.aff</path>
      <projection-function nil="true"/>
      <resolution type="float">1.63</resolution>
      <section-number type="integer">212</section-number>
      <specimen-id type="integer" nil="true"/>
      <structure-id type="integer" nil="true"/>
      <tier-count type="integer">6</tier-count>
      <width type="integer">6272</width>
      <x type="integer">0</x>
      <y type="integer">0</y>
      <alignment2d>
        <id type="integer">348273851</id>
        <tvs>0.613179,-0.0197345,0.0197345,0.613179,-681.67,-1147.35</tvs>
        <tsv>1.62916,0.0524326,-0.0524326,1.62916,1170.71,1833.46</tsv>
      </alignment2d>
    </section-image>
    <section-image>
      <annotated type="boolean">false</annotated>
      <axes nil="true"/>
      <bits-per-component type="integer">8</bits-per-component>
      <data-set-id type="integer">479</data-set-id>
      <expression-path>/external/aibssan/production32/prod38/b.479.7/b.479.7_220_expression.aff</expression-path>
      <failed type="boolean">false</failed>
      <height type="integer">4928</height>
      <id type="integer">101349972</id>
      <image-height type="integer">4928</image-height>
      <image-type>Primary</image-type>
      <image-width type="integer">6248</image-width>
      <isi-experiment-id type="integer" nil="true"/>
      <lims1-id type="integer">83883</lims1-id>
      <number-of-components type="integer">3</number-of-components>
      <ophys-experiment-id type="integer" nil="true"/>
      <path>/external/aibssan/production4/Gad1_Baylor_9231/zoomify/primary/null/Gad1_220_null_D.aff</path>
      <projection-function nil="true"/>
      <resolution type="float">1.63</resolution>
      <section-number type="integer">220</section-number>
      <specimen-id type="integer" nil="true"/>
      <structure-id type="integer" nil="true"/>
      <tier-count type="integer">6</tier-count>
      <width type="integer">6248</width>
      <x type="integer">0</x>
      <y type="integer">0</y>
      <alignment2d>
        <id type="integer">348273853</id>
        <tvs>0.613039,-0.0237095,0.0237095,0.613039,-703.398,-1126.99</tvs>
        <tsv>1.62878,0.0629938,-0.0629938,1.62878,1216.68,1791.31</tsv>
      </alignment2d>
    </section-image>
    <section-image>
      <annotated type="boolean">false</annotated>
      <axes nil="true"/>
      <bits-per-component type="integer">8</bits-per-component>
      <data-set-id type="integer">479</data-set-id>
      <expression-path>/external/aibssan/production32/prod38/b.479.8/b.479.8_228_expression.aff</expression-path>
      <failed type="boolean">false</failed>
      <height type="integer">4792</height>
      <id type="integer">101349980</id>
      <image-height type="integer">4792</image-height>
      <image-type>Primary</image-type>
      <image-width type="integer">6168</image-width>
      <isi-experiment-id type="integer" nil="true"/>
      <lims1-id type="integer">83884</lims1-id>
      <number-of-components type="integer">3</number-of-components>
      <ophys-experiment-id type="integer" nil="true"/>
      <path>/external/aibssan/production4/Gad1_Baylor_9231/zoomify/primary/null/Gad1_228_null_A.aff</path>
      <projection-function nil="true"/>
      <resolution type="float">1.63</resolution>
      <section-number type="integer">228</section-number>
      <specimen-id type="integer" nil="true"/>
      <structure-id type="integer" nil="true"/>
      <tier-count type="integer">6</tier-count>
      <width type="integer">6168</width>
      <x type="integer">0</x>
      <y type="integer">0</y>
      <alignment2d>
        <id type="integer">348273855</id>
        <tvs>0.6132,-0.019096,0.019096,0.6132,-778.051,-1121.61</tvs>
        <tsv>1.62921,0.0507361,-0.0507361,1.62921,1324.52,1787.87</tsv>
      </alignment2d>
    </section-image>
    <section-image>
      <annotated type="boolean">false</annotated>
      <axes nil="true"/>
      <bits-per-component type="integer">8</bits-per-component>
      <data-set-id type="integer">479</data-set-id>
      <expression-path>/external/aibssan/production32/prod38/b.479.8/b.479.8_236_expression.aff</expression-path>
      <failed type="boolean">false</failed>
      <height type="integer">4760</height>
      <id type="integer">101349988</id>
      <image-height type="integer">4760</image-height>
      <image-type>Primary</image-type>
      <image-width type="integer">6248</image-width>
      <isi-experiment-id type="integer" nil="true"/>
      <lims1-id type="integer">83901</lims1-id>
      <number-of-components type="integer">3</number-of-components>
      <ophys-experiment-id type="integer" nil="true"/>
      <path>/external/aibssan/production4/Gad1_Baylor_9231/zoomify/primary/null/Gad1_236_null_B.aff</path>
      <projection-function nil="true"/>
      <resolution type="float">1.63</resolution>
      <section-number type="integer">236</section-number>
      <specimen-id type="integer" nil="true"/>
      <structure-id type="integer" nil="true"/>
      <tier-count type="integer">6</tier-count>
      <width type="integer">6248</width>
      <x type="integer">0</x>
      <y type="integer">0</y>
      <alignment2d>
        <id type="integer">348273857</id>
        <tvs>0.613433,-0.00888068,0.00888068,0.613433,-821.618,-1057.59</tvs>
        <tsv>1.62983,0.0235951,-0.0235951,1.62983,1364.05,1704.31</tsv>
      </alignment2d>
    </section-image>
    <section-image>
      <annotated type="boolean">false</annotated>
      <axes nil="true"/>
      <bits-per-component type="integer">8</bits-per-component>
      <data-set-id type="integer">479</data-set-id>
      <expression-path>/external/aibssan/production32/prod38/b.479.8/b.479.8_244_expression.aff</expression-path>
      <failed type="boolean">false</failed>
      <height type="integer">4608</height>
      <id type="integer">101349996</id>
      <image-height type="integer">4608</image-height>
      <image-type>Primary</image-type>
      <image-width type="integer">6144</image-width>
      <isi-experiment-id type="integer" nil="true"/>
      <lims1-id type="integer">83902</lims1-id>
      <number-of-components type="integer">3</number-of-components>
      <ophys-experiment-id type="integer" nil="true"/>
      <path>/external/aibssan/production4/Gad1_Baylor_9231/zoomify/primary/null/Gad1_244_null_C.aff</path>
      <projection-function nil="true"/>
      <resolution type="float">1.63</resolution>
      <section-number type="integer">244</section-number>
      <specimen-id type="integer" nil="true"/>
      <structure-id type="integer" nil="true"/>
      <tier-count type="integer">6</tier-count>
      <width type="integer">6144</width>
      <x type="integer">0</x>
      <y type="integer">0</y>
      <alignment2d>
        <id type="integer">348273859</id>
        <tvs>0.613482,-0.00431472,0.00431472,0.613482,-888.545,-1119.06</tvs>
        <tsv>1.62996,0.0114638,-0.0114638,1.62996,1461.12,1813.84</tsv>
      </alignment2d>
    </section-image>
    <section-image>
      <annotated type="boolean">false</annotated>
      <axes nil="true"/>
      <bits-per-component type="integer">8</bits-per-component>
      <data-set-id type="integer">479</data-set-id>
      <expression-path>/external/aibssan/production32/prod38/b.479.8/b.479.8_252_expression.aff</expression-path>
      <failed type="boolean">false</failed>
      <height type="integer">4568</height>
      <id type="integer">101350004</id>
      <image-height type="integer">4568</image-height>
      <image-type>Primary</image-type>
      <image-width type="integer">6144</image-width>
      <isi-experiment-id type="integer" nil="true"/>
      <lims1-id type="integer">83903</lims1-id>
      <number-of-components type="integer">3</number-of-components>
      <ophys-experiment-id type="integer" nil="true"/>
      <path>/external/aibssan/production4/Gad1_Baylor_9231/zoomify/primary/null/Gad1_252_null_D.aff</path>
      <projection-function nil="true"/>
      <resolution type="float">1.63</resolution>
      <section-number type="integer">252</section-number>
      <specimen-id type="integer" nil="true"/>
      <structure-id type="integer" nil="true"/>
      <tier-count type="integer">6</tier-count>
      <width type="integer">6144</width>
      <x type="integer">0</x>
      <y type="integer">0</y>
      <alignment2d>
        <id type="integer">348273861</id>
        <tvs>0.613473,-0.00544199,0.00544199,0.613473,-869.159,-1149.82</tvs>
        <tsv>1.62994,0.0144588,-0.0144588,1.62994,1433.3,1861.56</tsv>
      </alignment2d>
    </section-image>
    <section-image>
      <annotated type="boolean">false</annotated>
      <axes nil="true"/>
      <bits-per-component type="integer">8</bits-per-component>
      <data-set-id type="integer">479</data-set-id>
      <expression-path>/external/aibssan/production32/prod38/b.479.9/b.479.9_260_expression.aff</expression-path>
      <failed type="boolean">false</failed>
      <height type="integer">4736</height>
      <id type="integer">101350012</id>
      <image-height type="integer">4736</image-height>
      <image-type>Primary</image-type>
      <image-width type="integer">6136</image-width>
      <isi-experiment-id type="integer" nil="true"/>
      <lims1-id type="integer">83921</lims1-id>
      <number-of-components type="integer">3</number-of-components>
      <ophys-experiment-id type="integer" nil="true"/>
      <path>/external/aibssan/production4/Gad1_Baylor_9231/zoomify/primary/null/Gad1_260_null_A.aff</path>
      <projection-function nil="true"/>
      <resolution type="float">1.63</resolution>
      <section-number type="integer">260</section-number>
      <specimen-id type="integer" nil="true"/>
      <structure-id type="integer" nil="true"/>
      <tier-count type="integer">6</tier-count>
      <width type="integer">6136</width>
      <x type="integer">0</x>
      <y type="integer">0</y>
      <alignment2d>
        <id type="integer">348273863</id>
        <tvs>0.61344,-0.00833379,0.00833379,0.61344,-851.348,-1063.27</tvs>
        <tsv>1.62985,0.0221421,-0.0221421,1.62985,1411.11,1714.12</tsv>
      </alignment2d>
    </section-image>
    <section-image>
      <annotated type="boolean">false</annotated>
      <axes nil="true"/>
      <bits-per-component type="integer">8</bits-per-component>
      <data-set-id type="integer">479</data-set-id>
      <expression-path>/external/aibssan/production32/prod38/b.479.9/b.479.9_268_expression.aff</expression-path>
      <failed type="boolean">false</failed>
      <height type="integer">4696</height>
      <id type="integer">101350020</id>
      <image-height type="integer">4696</image-height>
      <image-type>Primary</image-type>
      <image-width type="integer">6072</image-width>
      <isi-experiment-id type="integer" nil="true"/>
      <lims1-id type="integer">83922</lims1-id>
      <number-of-components type="integer">3</number-of-components>
      <ophys-experiment-id type="integer" nil="true"/>
      <path>/external/aibssan/production4/Gad1_Baylor_9231/zoomify/primary/null/Gad1_268_null_B.aff</path>
      <projection-function nil="true"/>
      <resolution type="float">1.63</resolution>
      <section-number type="integer">268</section-number>
      <specimen-id type="integer" nil="true"/>
      <structure-id type="integer" nil="true"/>
      <tier-count type="integer">6</tier-count>
      <width type="integer">6072</width>
      <x type="integer">0</x>
      <y type="integer">0</y>
      <alignment2d>
        <id type="integer">348273865</id>
        <tvs>0.613439,-0.0084097,0.0084097,0.613439,-869.862,-1148.28</tvs>
        <tsv>1.62985,0.0223437,-0.0223437,1.62985,1443.4,1852.09</tsv>
      </alignment2d>
    </section-image>
    <section-image>
      <annotated type="boolean">false</annotated>
      <axes nil="true"/>
      <bits-per-component type="integer">8</bits-per-component>
      <data-set-id type="integer">479</data-set-id>
      <expression-path>/external/aibssan/production32/prod38/b.479.9/b.479.9_276_expression.aff</expression-path>
      <failed type="boolean">false</failed>
      <height type="integer">4552</height>
      <id type="integer">101350028</id>
      <image-height type="integer">4552</image-height>
      <image-type>Primary</image-type>
      <image-width type="integer">6000</image-width>
      <isi-experiment-id type="integer" nil="true"/>
      <lims1-id type="integer">83939</lims1-id>
      <number-of-components type="integer">3</number-of-components>
      <ophys-experiment-id type="integer" nil="true"/>
      <path>/external/aibssan/production4/Gad1_Baylor_9231/zoomify/primary/null/Gad1_276_null_C.aff</path>
      <projection-function nil="true"/>
      <resolution type="float">1.63</resolution>
      <section-number type="integer">276</section-number>
      <specimen-id type="integer" nil="true"/>
      <structure-id type="integer" nil="true"/>
      <tier-count type="integer">6</tier-count>
      <width type="integer">6000</width>
      <x type="integer">0</x>
      <y type="integer">0</y>
      <alignment2d>
        <id type="integer">348273867</id>
        <tvs>0.61347,-0.00577876,0.00577876,0.61347,-918.785,-1208.2</tvs>
        <tsv>1.62993,0.0153536,-0.0153536,1.62993,1516.1,1955.17</tsv>
      </alignment2d>
    </section-image>
    <section-image>
      <annotated type="boolean">false</annotated>
      <axes nil="true"/>
      <bits-per-component type="integer">8</bits-per-component>
      <data-set-id type="integer">479</data-set-id>
      <expression-path>/external/aibssan/production32/prod38/b.479.9/b.479.9_284_expression.aff</expression-path>
      <failed type="boolean">false</failed>
      <height type="integer">4432</height>
      <id type="integer">101350036</id>
      <image-height type="integer">4432</image-height>
      <image-type>Primary</image-type>
      <image-width type="integer">5896</image-width>
      <isi-experiment-id type="integer" nil="true"/>
      <lims1-id type="integer">83940</lims1-id>
      <number-of-components type="integer">3</number-of-components>
      <ophys-experiment-id type="integer" nil="true"/>
      <path>/external/aibssan/production4/Gad1_Baylor_9231/zoomify/primary/null/Gad1_284_null_D.aff</path>
      <projection-function nil="true"/>
      <resolution type="float">1.63</resolution>
      <section-number type="integer">284</section-number>
      <specimen-id type="integer" nil="true"/>
      <structure-id type="integer" nil="true"/>
      <tier-count type="integer">6</tier-count>
      <width type="integer">5896</width>
      <x type="integer">0</x>
      <y type="integer">0</y>
      <alignment2d>
        <id type="integer">348273869</id>
        <tvs>0.613483,-0.00414439,0.00414439,0.613483,-1004.02,-1210.76</tvs>
        <tsv>1.62996,0.0110112,-0.0110112,1.62996,1649.84,1962.44</tsv>
      </alignment2d>
    </section-image>
    <section-image>
      <annotated type="boolean">false</annotated>
      <axes nil="true"/>
      <bits-per-component type="integer">8</bits-per-component>
      <data-set-id type="integer">479</data-set-id>
      <expression-path>/external/aibssan/production32/prod38/b.479.10/b.479.10_292_expression.aff</expression-path>
      <failed type="boolean">false</failed>
      <height type="integer">4680</height>
      <id type="integer">101350044</id>
      <image-height type="integer">4680</image-height>
      <image-type>Primary</image-type>
      <image-width type="integer">5792</image-width>
      <isi-experiment-id type="integer" nil="true"/>
      <lims1-id type="integer">83941</lims1-id>
      <number-of-components type="integer">3</number-of-components>
      <ophys-experiment-id type="integer" nil="true"/>
      <path>/external/aibssan/production4/Gad1_Baylor_9231/zoomify/primary/null/Gad1_292_null_A.aff</path>
      <projection-function nil="true"/>
      <resolution type="float">1.63</resolution>
      <section-number type="integer">292</section-number>
      <specimen-id type="integer" nil="true"/>
      <structure-id type="integer" nil="true"/>
      <tier-count type="integer">6</tier-count>
      <width type="integer">5792</width>
      <x type="integer">0</x>
      <y type="integer">0</y>
      <alignment2d>
        <id type="integer">348273871</id>
        <tvs>0.613471,-0.00565556,0.00565556,0.613471,-1028.01,-1120.98</tvs>
        <tsv>1.62993,0.0150263,-0.0150263,1.62993,1692.43,1811.68</tsv>
      </alignment2d>
    </section-image>
    <section-image>
      <annotated type="boolean">false</annotated>
      <axes nil="true"/>
      <bits-per-component type="integer">8</bits-per-component>
      <data-set-id type="integer">479</data-set-id>
      <expression-path>/external/aibssan/production32/prod38/b.479.10/b.479.10_300_expression.aff</expression-path>
      <failed type="boolean">false</failed>
      <height type="integer">4408</height>
      <id type="integer">101350052</id>
      <image-height type="integer">4408</image-height>
      <image-type>Primary</image-type>
      <image-width type="integer">5712</image-width>
      <isi-experiment-id type="integer" nil="true"/>
      <lims1-id type="integer">84033</lims1-id>
      <number-of-components type="integer">3</number-of-components>
      <ophys-experiment-id type="integer" nil="true"/>
      <path>/external/aibssan/production4/Gad1_Baylor_9231/zoomify/primary/null/Gad1_300_null_B.aff</path>
      <projection-function nil="true"/>
      <resolution type="float">1.63</resolution>
      <section-number type="integer">300</section-number>
      <specimen-id type="integer" nil="true"/>
      <structure-id type="integer" nil="true"/>
      <tier-count type="integer">6</tier-count>
      <width type="integer">5712</width>
      <x type="integer">0</x>
      <y type="integer">0</y>
      <alignment2d>
        <id type="integer">348273873</id>
        <tvs>0.613494,-0.00189153,0.00189153,0.613494,-1101.01,-1228.98</tvs>
        <tsv>1.62999,0.0050256,-0.0050256,1.62999,1800.81,1997.7</tsv>
      </alignment2d>
    </section-image>
    <section-image>
      <annotated type="boolean">false</annotated>
      <axes nil="true"/>
      <bits-per-component type="integer">8</bits-per-component>
      <data-set-id type="integer">479</data-set-id>
      <expression-path>/external/aibssan/production32/prod38/b.479.10/b.479.10_308_expression.aff</expression-path>
      <failed type="boolean">false</failed>
      <height type="integer">4248</height>
      <id type="integer">101350060</id>
      <image-height type="integer">4248</image-height>
      <image-type>Primary</image-type>
      <image-width type="integer">5576</image-width>
      <isi-experiment-id type="integer" nil="true"/>
      <lims1-id type="integer">84034</lims1-id>
      <number-of-components type="integer">3</number-of-components>
      <ophys-experiment-id type="integer" nil="true"/>
      <path>/external/aibssan/production4/Gad1_Baylor_9231/zoomify/primary/null/Gad1_308_null_C.aff</path>
      <projection-function nil="true"/>
      <resolution type="float">1.63</resolution>
      <section-number type="integer">308</section-number>
      <specimen-id type="integer" nil="true"/>
      <structure-id type="integer" nil="true"/>
      <tier-count type="integer">6</tier-count>
      <width type="integer">5576</width>
      <x type="integer">0</x>
      <y type="integer">0</y>
      <alignment2d>
        <id type="integer">348273875</id>
        <tvs>0.613491,0.00275252,-0.00275252,0.613491,-1180.11,-1280.17</tvs>
        <tsv>1.62998,-0.00731317,0.00731317,1.62998,1914.19,2095.29</tsv>
      </alignment2d>
    </section-image>
    <section-image>
      <annotated type="boolean">false</annotated>
      <axes nil="true"/>
      <bits-per-component type="integer">8</bits-per-component>
      <data-set-id type="integer">479</data-set-id>
      <expression-path>/external/aibssan/production32/prod38/b.479.10/b.479.10_316_expression.aff</expression-path>
      <failed type="boolean">false</failed>
      <height type="integer">4104</height>
      <id type="integer">101350068</id>
      <image-height type="integer">4104</image-height>
      <image-type>Primary</image-type>
      <image-width type="integer">5320</image-width>
      <isi-experiment-id type="integer" nil="true"/>
      <lims1-id type="integer">84074</lims1-id>
      <number-of-components type="integer">3</number-of-components>
      <ophys-experiment-id type="integer" nil="true"/>
      <path>/external/aibssan/production4/Gad1_Baylor_9231/zoomify/primary/null/Gad1_316_null_D.aff</path>
      <projection-function nil="true"/>
      <resolution type="float">1.63</resolution>
      <section-number type="integer">316</section-number>
      <specimen-id type="integer" nil="true"/>
      <structure-id type="integer" nil="true"/>
      <tier-count type="integer">6</tier-count>
      <width type="integer">5320</width>
      <x type="integer">0</x>
      <y type="integer">0</y>
      <alignment2d>
        <id type="integer">348273879</id>
        <tvs>0.613492,-0.00255307,0.00255307,0.613492,-1264.57,-1426.07</tvs>
        <tsv>1.62999,0.00678325,-0.00678325,1.62999,2070.91,2315.9</tsv>
      </alignment2d>
    </section-image>
    <section-image>
      <annotated type="boolean">false</annotated>
      <axes nil="true"/>
      <bits-per-component type="integer">8</bits-per-component>
      <data-set-id type="integer">479</data-set-id>
      <expression-path>/external/aibssan/production32/prod38/b.479.11/b.479.11_324_expression.aff</expression-path>
      <failed type="boolean">false</failed>
      <height type="integer">4320</height>
      <id type="integer">101350076</id>
      <image-height type="integer">4320</image-height>
      <image-type>Primary</image-type>
      <image-width type="integer">5336</image-width>
      <isi-experiment-id type="integer" nil="true"/>
      <lims1-id type="integer">84075</lims1-id>
      <number-of-components type="integer">3</number-of-components>
      <ophys-experiment-id type="integer" nil="true"/>
      <path>/external/aibssan/production4/Gad1_Baylor_9231/zoomify/primary/null/Gad1_324_null_A.aff</path>
      <projection-function nil="true"/>
      <resolution type="float">1.63</resolution>
      <section-number type="integer">324</section-number>
      <specimen-id type="integer" nil="true"/>
      <structure-id type="integer" nil="true"/>
      <tier-count type="integer">6</tier-count>
      <width type="integer">5336</width>
      <x type="integer">0</x>
      <y type="integer">0</y>
      <alignment2d>
        <id type="integer">348273882</id>
        <tvs>0.613495,-0.00141634,0.00141634,0.613495,-1308.41,-1276.44</tvs>
        <tsv>1.63,0.00376307,-0.00376307,1.63,2137.51,2075.68</tsv>
      </alignment2d>
    </section-image>
    <section-image>
      <annotated type="boolean">false</annotated>
      <axes nil="true"/>
      <bits-per-component type="integer">8</bits-per-component>
      <data-set-id type="integer">479</data-set-id>
      <expression-path>/external/aibssan/production32/prod38/b.479.11/b.479.11_332_expression.aff</expression-path>
      <failed type="boolean">false</failed>
      <height type="integer">4480</height>
      <id type="integer">101350084</id>
      <image-height type="integer">4480</image-height>
      <image-type>Primary</image-type>
      <image-width type="integer">5208</image-width>
      <isi-experiment-id type="integer" nil="true"/>
      <lims1-id type="integer">84076</lims1-id>
      <number-of-components type="integer">3</number-of-components>
      <ophys-experiment-id type="integer" nil="true"/>
      <path>/external/aibssan/production4/Gad1_Baylor_9231/zoomify/primary/null/Gad1_332_null_B.aff</path>
      <projection-function nil="true"/>
      <resolution type="float">1.63</resolution>
      <section-number type="integer">332</section-number>
      <specimen-id type="integer" nil="true"/>
      <structure-id type="integer" nil="true"/>
      <tier-count type="integer">6</tier-count>
      <width type="integer">5208</width>
      <x type="integer">0</x>
      <y type="integer">0</y>
      <alignment2d>
        <id type="integer">348273886</id>
        <tvs>0.613496,0.000799572,-0.000799572,0.613496,-1380.04,-1171.16</tvs>
        <tsv>1.63,-0.00212438,0.00212438,1.63,2246.98,1911.91</tsv>
      </alignment2d>
    </section-image>
    <section-image>
      <annotated type="boolean">false</annotated>
      <axes nil="true"/>
      <bits-per-component type="integer">8</bits-per-component>
      <data-set-id type="integer">479</data-set-id>
      <expression-path>/external/aibssan/production32/prod38/b.479.11/b.479.11_340_expression.aff</expression-path>
      <failed type="boolean">false</failed>
      <height type="integer">4336</height>
      <id type="integer">101350092</id>
      <image-height type="integer">4336</image-height>
      <image-type>Primary</image-type>
      <image-width type="integer">5104</image-width>
      <isi-experiment-id type="integer" nil="true"/>
      <lims1-id type="integer">84077</lims1-id>
      <number-of-components type="integer">3</number-of-components>
      <ophys-experiment-id type="integer" nil="true"/>
      <path>/external/aibssan/production4/Gad1_Baylor_9231/zoomify/primary/null/Gad1_340_null_C.aff</path>
      <projection-function nil="true"/>
      <resolution type="float">1.63</resolution>
      <section-number type="integer">340</section-number>
      <specimen-id type="integer" nil="true"/>
      <structure-id type="integer" nil="true"/>
      <tier-count type="integer">6</tier-count>
      <width type="integer">5104</width>
      <x type="integer">0</x>
      <y type="integer">0</y>
      <alignment2d>
        <id type="integer">348273890</id>
        <tvs>0.613497,8.05997e-05,-8.05997e-05,0.613497,-1413.46,-1300.08</tvs>
        <tsv>1.63,-0.000214145,0.000214145,1.63,2303.66,2119.44</tsv>
      </alignment2d>
    </section-image>
    <section-image>
      <annotated type="boolean">false</annotated>
      <axes nil="true"/>
      <bits-per-component type="integer">8</bits-per-component>
      <data-set-id type="integer">479</data-set-id>
      <expression-path>/external/aibssan/production32/prod38/b.479.11/b.479.11_348_expression.aff</expression-path>
      <failed type="boolean">false</failed>
      <height type="integer">4072</height>
      <id type="integer">101350100</id>
      <image-height type="integer">4072</image-height>
      <image-type>Primary</image-type>
      <image-width type="integer">4904</image-width>
      <isi-experiment-id type="integer" nil="true"/>
      <lims1-id type="integer">84078</lims1-id>
      <number-of-components type="integer">3</number-of-components>
      <ophys-experiment-id type="integer" nil="true"/>
      <path>/external/aibssan/production4/Gad1_Baylor_9231/zoomify/primary/null/Gad1_348_null_D.aff</path>
      <projection-function nil="true"/>
      <resolution type="float">1.63</resolution>
      <section-number type="integer">348</section-number>
      <specimen-id type="integer" nil="true"/>
      <structure-id type="integer" nil="true"/>
      <tier-count type="integer">6</tier-count>
      <width type="integer">4904</width>
      <x type="integer">0</x>
      <y type="integer">0</y>
      <alignment2d>
        <id type="integer">348273894</id>
        <tvs>0.613496,-0.001027,0.001027,0.613496,-1526.17,-1468.18</tvs>
        <tsv>1.63,0.00272864,-0.00272864,1.63,2491.66,2388.96</tsv>
      </alignment2d>
    </section-image>
    <section-image>
      <annotated type="boolean">false</annotated>
      <axes nil="true"/>
      <bits-per-component type="integer">8</bits-per-component>
      <data-set-id type="integer">479</data-set-id>
      <expression-path>/external/aibssan/production32/prod38/b.479.12/b.479.12_356_expression.aff</expression-path>
      <failed type="boolean">false</failed>
      <height type="integer">4376</height>
      <id type="integer">101350108</id>
      <image-height type="integer">4376</image-height>
      <image-type>Primary</image-type>
      <image-width type="integer">4776</image-width>
      <isi-experiment-id type="integer" nil="true"/>
      <lims1-id type="integer">84079</lims1-id>
      <number-of-components type="integer">3</number-of-components>
      <ophys-experiment-id type="integer" nil="true"/>
      <path>/external/aibssan/production4/Gad1_Baylor_9231/zoomify/primary/null/Gad1_356_null_A.aff</path>
      <projection-function nil="true"/>
      <resolution type="float">1.63</resolution>
      <section-number type="integer">356</section-number>
      <specimen-id type="integer" nil="true"/>
      <structure-id type="integer" nil="true"/>
      <tier-count type="integer">6</tier-count>
      <width type="integer">4776</width>
      <x type="integer">0</x>
      <y type="integer">0</y>
      <alignment2d>
        <id type="integer">348273898</id>
        <tvs>0.613481,0.00436509,-0.00436509,0.613481,-1640.96,-1272.4</tvs>
        <tsv>1.62996,-0.0115976,0.0115976,1.62996,2659.93,2092.99</tsv>
      </alignment2d>
    </section-image>
    <section-image>
      <annotated type="boolean">false</annotated>
      <axes nil="true"/>
      <bits-per-component type="integer">8</bits-per-component>
      <data-set-id type="integer">479</data-set-id>
      <expression-path>/external/aibssan/production32/prod38/b.479.12/b.479.12_364_expression.aff</expression-path>
      <failed type="boolean">false</failed>
      <height type="integer">4160</height>
      <id type="integer">101350116</id>
      <image-height type="integer">4160</image-height>
      <image-type>Primary</image-type>
      <image-width type="integer">4624</image-width>
      <isi-experiment-id type="integer" nil="true"/>
      <lims1-id type="integer">84080</lims1-id>
      <number-of-components type="integer">3</number-of-components>
      <ophys-experiment-id type="integer" nil="true"/>
      <path>/external/aibssan/production4/Gad1_Baylor_9231/zoomify/primary/null/Gad1_364_null_B.aff</path>
      <projection-function nil="true"/>
      <resolution type="float">1.63</resolution>
      <section-number type="integer">364</section-number>
      <specimen-id type="integer" nil="true"/>
      <structure-id type="integer" nil="true"/>
      <tier-count type="integer">6</tier-count>
      <width type="integer">4624</width>
      <x type="integer">0</x>
      <y type="integer">0</y>
      <alignment2d>
        <id type="integer">348273902</id>
        <tvs>0.613494,0.0018613,-0.0018613,0.613494,-1668.42,-1370.4</tvs>
        <tsv>1.62999,-0.00494528,0.00494528,1.62999,2712.74,2241.99</tsv>
      </alignment2d>
    </section-image>
    <section-image>
      <annotated type="boolean">false</annotated>
      <axes nil="true"/>
      <bits-per-component type="integer">8</bits-per-component>
      <data-set-id type="integer">479</data-set-id>
      <expression-path>/external/aibssan/production32/prod38/b.479.12/b.479.12_372_expression.aff</expression-path>
      <failed type="boolean">false</failed>
      <height type="integer">3792</height>
      <id type="integer">101350124</id>
      <image-height type="integer">3792</image-height>
      <image-type>Primary</image-type>
      <image-width type="integer">4128</image-width>
      <isi-experiment-id type="integer" nil="true"/>
      <lims1-id type="integer">84081</lims1-id>
      <number-of-components type="integer">3</number-of-components>
      <ophys-experiment-id type="integer" nil="true"/>
      <path>/external/aibssan/production4/Gad1_Baylor_9231/zoomify/primary/null/Gad1_372_null_C.aff</path>
      <projection-function nil="true"/>
      <resolution type="float">1.63</resolution>
      <section-number type="integer">372</section-number>
      <specimen-id type="integer" nil="true"/>
      <structure-id type="integer" nil="true"/>
      <tier-count type="integer">6</tier-count>
      <width type="integer">4128</width>
      <x type="integer">0</x>
      <y type="integer">0</y>
      <alignment2d>
        <id type="integer">348273906</id>
        <tvs>0.613497,-0.000653648,0.000653648,0.613497,-1915.01,-1654.55</tvs>
        <tsv>1.63,0.00173668,-0.00173668,1.63,3124.34,2693.58</tsv>
      </alignment2d>
    </section-image>
    <section-image>
      <annotated type="boolean">false</annotated>
      <axes nil="true"/>
      <bits-per-component type="integer">8</bits-per-component>
      <data-set-id type="integer">479</data-set-id>
      <expression-path>/external/aibssan/production32/prod38/b.479.12/b.479.12_380_expression.aff</expression-path>
      <failed type="boolean">false</failed>
      <height type="integer">3712</height>
      <id type="integer">101350132</id>
      <image-height type="integer">3712</image-height>
      <image-type>Primary</image-type>
      <image-width type="integer">4384</image-width>
      <isi-experiment-id type="integer" nil="true"/>
      <lims1-id type="integer">84082</lims1-id>
      <number-of-components type="integer">3</number-of-components>
      <ophys-experiment-id type="integer" nil="true"/>
      <path>/external/aibssan/production4/Gad1_Baylor_9231/zoomify/primary/null/Gad1_380_null_D.aff</path>
      <projection-function nil="true"/>
      <resolution type="float">1.63</resolution>
      <section-number type="integer">380</section-number>
      <specimen-id type="integer" nil="true"/>
      <structure-id type="integer" nil="true"/>
      <tier-count type="integer">6</tier-count>
      <width type="integer">4384</width>
      <x type="integer">0</x>
      <y type="integer">0</y>
      <alignment2d>
        <id type="integer">348273911</id>
        <tvs>0.613497,0.000344859,-0.000344859,0.613497,-1808.88,-1569.47</tvs>
        <tsv>1.63,-0.000916257,0.000916257,1.63,2947.03,2559.89</tsv>
      </alignment2d>
    </section-image>
    <section-image>
      <annotated type="boolean">false</annotated>
      <axes nil="true"/>
      <bits-per-component type="integer">8</bits-per-component>
      <data-set-id type="integer">479</data-set-id>
      <expression-path>/external/aibssan/production32/prod38/b.479.13/b.479.13_388_expression.aff</expression-path>
      <failed type="boolean">false</failed>
      <height type="integer">3352</height>
      <id type="integer">101350140</id>
      <image-height type="integer">3352</image-height>
      <image-type>Primary</image-type>
      <image-width type="integer">3904</image-width>
      <isi-experiment-id type="integer" nil="true"/>
      <lims1-id type="integer">84083</lims1-id>
      <number-of-components type="integer">3</number-of-components>
      <ophys-experiment-id type="integer" nil="true"/>
      <path>/external/aibssan/production4/Gad1_Baylor_9231/zoomify/primary/null/Gad1_388_null_A.aff</path>
      <projection-function nil="true"/>
      <resolution type="float">1.63</resolution>
      <section-number type="integer">388</section-number>
      <specimen-id type="integer" nil="true"/>
      <structure-id type="integer" nil="true"/>
      <tier-count type="integer">5</tier-count>
      <width type="integer">3904</width>
      <x type="integer">0</x>
      <y type="integer">0</y>
      <alignment2d>
        <id type="integer">348273915</id>
        <tvs>0.613493,0.00206922,-0.00206922,0.613493,-2026.62,-1741.03</tvs>
        <tsv>1.62999,-0.0054977,0.0054977,1.62999,3293.8,2849.0</tsv>
      </alignment2d>
    </section-image>
    <section-image>
      <annotated type="boolean">false</annotated>
      <axes nil="true"/>
      <bits-per-component type="integer">8</bits-per-component>
      <data-set-id type="integer">479</data-set-id>
      <expression-path>/external/aibssan/production32/prod38/b.479.13/b.479.13_396_expression.aff</expression-path>
      <failed type="boolean">false</failed>
      <height type="integer">3304</height>
      <id type="integer">101350148</id>
      <image-height type="integer">3304</image-height>
      <image-type>Primary</image-type>
      <image-width type="integer">3464</image-width>
      <isi-experiment-id type="integer" nil="true"/>
      <lims1-id type="integer">84084</lims1-id>
      <number-of-components type="integer">3</number-of-components>
      <ophys-experiment-id type="integer" nil="true"/>
      <path>/external/aibssan/production4/Gad1_Baylor_9231/zoomify/primary/null/Gad1_396_null_B.aff</path>
      <projection-function nil="true"/>
      <resolution type="float">1.63</resolution>
      <section-number type="integer">396</section-number>
      <specimen-id type="integer" nil="true"/>
      <structure-id type="integer" nil="true"/>
      <tier-count type="integer">5</tier-count>
      <width type="integer">3464</width>
      <x type="integer">0</x>
      <y type="integer">0</y>
      <alignment2d>
        <id type="integer">348273919</id>
        <tvs>0.613496,0.00101727,-0.00101727,0.613496,-2244.14,-1810.99</tvs>
        <tsv>1.63,-0.00270278,0.00270278,1.63,3653.05,2957.97</tsv>
      </alignment2d>
    </section-image>
    <section-image>
      <annotated type="boolean">false</annotated>
      <axes nil="true"/>
      <bits-per-component type="integer">8</bits-per-component>
      <data-set-id type="integer">479</data-set-id>
      <expression-path>/external/aibssan/production32/prod38/b.479.13/b.479.13_404_expression.aff</expression-path>
      <failed type="boolean">false</failed>
      <height type="integer">3096</height>
      <id type="integer">101350156</id>
      <image-height type="integer">3096</image-height>
      <image-type>Primary</image-type>
      <image-width type="integer">3288</image-width>
      <isi-experiment-id type="integer" nil="true"/>
      <lims1-id type="integer">84085</lims1-id>
      <number-of-components type="integer">3</number-of-components>
      <ophys-experiment-id type="integer" nil="true"/>
      <path>/external/aibssan/production4/Gad1_Baylor_9231/zoomify/primary/null/Gad1_404_null_C.aff</path>
      <projection-function nil="true"/>
      <resolution type="float">1.63</resolution>
      <section-number type="integer">404</section-number>
      <specimen-id type="integer" nil="true"/>
      <structure-id type="integer" nil="true"/>
      <tier-count type="integer">5</tier-count>
      <width type="integer">3288</width>
      <x type="integer">0</x>
      <y type="integer">0</y>
      <alignment2d>
        <id type="integer">348273922</id>
        <tvs>0.61348,-0.00459052,0.00459052,0.61348,-2297.4,-1934.41</tvs>
        <tsv>1.62995,0.0121966,-0.0121966,1.62995,3768.25,3124.98</tsv>
      </alignment2d>
    </section-image>
    <section-image>
      <annotated type="boolean">false</annotated>
      <axes nil="true"/>
      <bits-per-component type="integer">8</bits-per-component>
      <data-set-id type="integer">479</data-set-id>
      <expression-path>/external/aibssan/production32/prod38/b.479.13/b.479.13_412_expression.aff</expression-path>
      <failed type="boolean">false</failed>
      <height type="integer">2720</height>
      <id type="integer">101350164</id>
      <image-height type="integer">2720</image-height>
      <image-type>Primary</image-type>
      <image-width type="integer">2840</image-width>
      <isi-experiment-id type="integer" nil="true"/>
      <lims1-id type="integer">84086</lims1-id>
      <number-of-components type="integer">3</number-of-components>
      <ophys-experiment-id type="integer" nil="true"/>
      <path>/external/aibssan/production4/Gad1_Baylor_9231/zoomify/primary/null/Gad1_412_null_D.aff</path>
      <projection-function nil="true"/>
      <resolution type="float">1.63</resolution>
      <section-number type="integer">412</section-number>
      <specimen-id type="integer" nil="true"/>
      <structure-id type="integer" nil="true"/>
      <tier-count type="integer">5</tier-count>
      <width type="integer">2840</width>
      <x type="integer">0</x>
      <y type="integer">0</y>
      <alignment2d>
        <id type="integer">348273926</id>
        <tvs>0.613484,-0.00404831,0.00404831,0.613484,-2466.45,-2089.51</tvs>
        <tsv>1.62996,0.0107559,-0.0107559,1.62996,4042.7,3379.29</tsv>
      </alignment2d>
    </section-image>
    <section-image>
      <annotated type="boolean">false</annotated>
      <axes nil="true"/>
      <bits-per-component type="integer">8</bits-per-component>
      <data-set-id type="integer">479</data-set-id>
      <expression-path>/external/aibssan/production32/prod38/b.479.14/b.479.14_420_expression.aff</expression-path>
      <failed type="boolean">false</failed>
      <height type="integer">2896</height>
      <id type="integer">101350172</id>
      <image-height type="integer">2896</image-height>
      <image-type>Primary</image-type>
      <image-width type="integer">2696</image-width>
      <isi-experiment-id type="integer" nil="true"/>
      <lims1-id type="integer">84087</lims1-id>
      <number-of-components type="integer">3</number-of-components>
      <ophys-experiment-id type="integer" nil="true"/>
      <path>/external/aibssan/production4/Gad1_Baylor_9231/zoomify/primary/null/Gad1_420_null_A.aff</path>
      <projection-function nil="true"/>
      <resolution type="float">1.63</resolution>
      <section-number type="integer">420</section-number>
      <specimen-id type="integer" nil="true"/>
      <structure-id type="integer" nil="true"/>
      <tier-count type="integer">5</tier-count>
      <width type="integer">2696</width>
      <x type="integer">0</x>
      <y type="integer">0</y>
      <alignment2d>
        <id type="integer">348273929</id>
        <tvs>0.613462,-0.00651385,0.00651385,0.613462,-2537.63,-2022.4</tvs>
        <tsv>1.62991,0.0173067,-0.0173067,1.62991,4171.11,3252.41</tsv>
      </alignment2d>
    </section-image>
    <section-image>
      <annotated type="boolean">false</annotated>
      <axes nil="true"/>
      <bits-per-component type="integer">8</bits-per-component>
      <data-set-id type="integer">479</data-set-id>
      <expression-path>/external/aibssan/production32/prod38/b.479.14/b.479.14_428_expression.aff</expression-path>
      <failed type="boolean">false</failed>
      <height type="integer">2688</height>
      <id type="integer">101350180</id>
      <image-height type="integer">2688</image-height>
      <image-type>Primary</image-type>
      <image-width type="integer">2752</image-width>
      <isi-experiment-id type="integer" nil="true"/>
      <lims1-id type="integer">84088</lims1-id>
      <number-of-components type="integer">3</number-of-components>
      <ophys-experiment-id type="integer" nil="true"/>
      <path>/external/aibssan/production4/Gad1_Baylor_9231/zoomify/primary/null/Gad1_428_null_B.aff</path>
      <projection-function nil="true"/>
      <resolution type="float">1.63</resolution>
      <section-number type="integer">428</section-number>
      <specimen-id type="integer" nil="true"/>
      <structure-id type="integer" nil="true"/>
      <tier-count type="integer">5</tier-count>
      <width type="integer">2752</width>
      <x type="integer">0</x>
      <y type="integer">0</y>
      <alignment2d>
        <id type="integer">348273933</id>
        <tvs>0.613489,0.00308162,-0.00308162,0.613489,-2617.55,-2120.79</tvs>
        <tsv>1.62998,-0.00818755,0.00818755,1.62998,4249.19,3478.28</tsv>
      </alignment2d>
    </section-image>
    <section-image>
      <annotated type="boolean">false</annotated>
      <axes nil="true"/>
      <bits-per-component type="integer">8</bits-per-component>
      <data-set-id type="integer">479</data-set-id>
      <expression-path>/external/aibssan/production32/prod38/b.479.14/b.479.14_436_expression.aff</expression-path>
      <failed type="boolean">false</failed>
      <height type="integer">2808</height>
      <id type="integer">101350188</id>
      <image-height type="integer">2808</image-height>
      <image-type>Primary</image-type>
      <image-width type="integer">2744</image-width>
      <isi-experiment-id type="integer" nil="true"/>
      <lims1-id type="integer">84089</lims1-id>
      <number-of-components type="integer">3</number-of-components>
      <ophys-experiment-id type="integer" nil="true"/>
      <path>/external/aibssan/production4/Gad1_Baylor_9231/zoomify/primary/null/Gad1_436_null_C.aff</path>
      <projection-function nil="true"/>
      <resolution type="float">1.63</resolution>
      <section-number type="integer">436</section-number>
      <specimen-id type="integer" nil="true"/>
      <structure-id type="integer" nil="true"/>
      <tier-count type="integer">5</tier-count>
      <width type="integer">2744</width>
      <x type="integer">0</x>
      <y type="integer">0</y>
      <alignment2d>
        <id type="integer">348273937</id>
        <tvs>0.613496,-0.00118219,0.00118219,0.613496,-2593.4,-2186.81</tvs>
        <tsv>1.63,0.00314096,-0.00314096,1.63,4234.1,3556.34</tsv>
      </alignment2d>
    </section-image>
    <section-image>
      <annotated type="boolean">false</annotated>
      <axes nil="true"/>
      <bits-per-component type="integer">8</bits-per-component>
      <data-set-id type="integer">479</data-set-id>
      <expression-path>/external/aibssan/production32/prod38/b.479.14/b.479.14_444_expression.aff</expression-path>
      <failed type="boolean">false</failed>
      <height type="integer">2816</height>
      <id type="integer">101350196</id>
      <image-height type="integer">2816</image-height>
      <image-type>Primary</image-type>
      <image-width type="integer">2760</image-width>
      <isi-experiment-id type="integer" nil="true"/>
      <lims1-id type="integer">84090</lims1-id>
      <number-of-components type="integer">3</number-of-components>
      <ophys-experiment-id type="integer" nil="true"/>
      <path>/external/aibssan/production4/Gad1_Baylor_9231/zoomify/primary/null/Gad1_444_null_D.aff</path>
      <projection-function nil="true"/>
      <resolution type="float">1.63</resolution>
      <section-number type="integer">444</section-number>
      <specimen-id type="integer" nil="true"/>
      <structure-id type="integer" nil="true"/>
      <tier-count type="integer">5</tier-count>
      <width type="integer">2760</width>
      <x type="integer">0</x>
      <y type="integer">0</y>
      <alignment2d>
        <id type="integer">348273941</id>
        <tvs>0.613494,-0.00197817,0.00197817,0.613494,-2576.17,-2205.78</tvs>
        <tsv>1.62999,0.00525579,-0.00525579,1.62999,4210.72,3581.86</tsv>
      </alignment2d>
    </section-image>
  </section-images>
  <plane_of_section>coronal</plane_of_section>
  <age>P56</age>
</section-data-set>
